channel_id,channel_name,subscriber_count,creator_tier,total_videos,shorts_count_sample,avg_views,median_views,std_views,max_views,avg_like_rate,avg_duration_sec,pct_vertical,pct_has_music,avg_title_length,avg_hook_count,avg_emoji_count,pct_has_hashtag,viral_video_rate,views_per_subscriber,consistency_score
UCVnG-v6mxUHOB0i5cMUKnng,Tru Cubing,493000,mid,30,30,12737.97,10000.0,8625.71,35000,0.0,0.0,0.0,0.0,95.53,0.2333,0.1667,1.0,0.0,0.0258,0.5962
UCl0MN4CALU7mJ1clo4Ulszg,Prabhat Exam,1200000,macro,30,30,20746.67,5700.0,55269.16,305000,0.0,0.0,0.0,0.0,49.7,0.3333,0.0,0.4333,0.0,0.0173,0.2729
UC90nWwAJLVZ2vm7LqPqXYjg,Prathmesh Cuber,41500,micro,30,30,3935.13,2300.0,5416.96,28000,0.0,0.0,0.0,0.0,90.03,2.1,1.6333,1.0,0.0,0.0948,0.4208
UCW2VnHgHh1V7zV5Ku0IzJfQ,SPORTS TIME,91800,micro,30,30,12006.67,9050.0,12459.13,60000,0.0,0.0,0.0,0.0,67.13,0.3667,0.9333,0.8333,0.0,0.1308,0.4908
UCv8_ooFUhRkhLTd3cOp7KgQ,Aawesh Facts,1370000,macro,30,30,291533.33,37500.0,977718.56,5200000,0.0,0.0,0.0,0.0,32.57,0.1667,1.1333,0.7667,0.0667,0.2128,0.2297
UCmwcRye_XwS_vU5FvZYFsAA,KungFu in Seconds,299000,mid,30,30,2728200.0,177000.0,5434708.1,21000000,0.0,0.0,0.0,0.0,64.6,0.6,2.2,1.0,0.3333,9.1244,0.3342
UC9vNnTzRfAJIdDYacLHFAHQ,CombateditYT,23000,micro,30,30,938.1,912.5,392.73,1700,0.0,0.0,0.0,0.0,76.77,1.9333,0.1,1.0,0.0,0.0408,0.7049
UCJ8HZ5hK8X8TjClqoDtROQA,@Rojgar Talks with Prince,65600,micro,7,7,13511142.86,12000000.0,15817115.06,49000000,0.0,0.0,0.0,0.0,98.43,1.0,2.1429,1.0,0.7143,205.9625,0.4607
UCpz7wQpqj8OdOclAchVKdcQ,Cube With PG,2920,nano,30,30,3158.73,2050.0,4317.13,23000,0.0,0.0,0.0,0.0,98.67,0.9667,0.4667,1.0,0.0,1.0818,0.4225
UC5pr0xIiFUnHIKqL-N_e9lg,MARCOS PHYSICAL ACADEMY,280000,mid,30,30,18496.67,14000.0,20238.83,121000,0.0,0.0,0.0,0.0,76.47,0.2667,1.2333,1.0,0.0,0.0661,0.4775
UC4gXdPrm00ef0b0Fn_9RW9w,Cuber Lucky ,295,nano,30,30,6176.83,2500.0,8437.61,34000,0.0,0.0,0.0,0.0,76.5,2.1333,0.6,1.0,0.0,20.9384,0.4227
UCTlgI-mzZNT20QtbYwP7OeQ,INDCuber,1100,nano,30,30,1622.67,1350.0,1037.89,5700,0.0,0.0,0.0,0.0,64.27,0.1667,0.6333,0.9667,0.0,1.4752,0.6099
UC41U4aAW_yeOgsNPlvgzTEA,Vivek of cube,379,nano,30,30,6083.33,2150.0,8098.48,27000,0.0,0.0,0.0,0.0,47.23,1.5,1.4667,0.9333,0.0,16.051,0.429
UCmSQvFLvcig5l057tbKQfRw,Mindvalley Coach,183000,mid,30,30,1230.77,881.5,933.65,4400,0.0,0.0,0.0,0.0,41.63,0.3333,0.0,0.0333,0.0,0.0067,0.5686
UCzE3a2CAJTGngdOVLVXPkZA,Mikhail Karpol,70400,micro,30,30,35516.67,26500.0,34280.63,176000,0.0,0.0,0.0,0.0,93.23,0.0,2.0,1.0,0.0,0.5045,0.5089
UC-VQ9ouft81tY25ibPqD-gQ,AD Football Training Videos,187000,mid,30,30,155433.33,59500.0,291918.22,1600000,0.0,0.0,0.0,0.0,81.57,0.0,0.0,1.0,0.0333,0.8312,0.3475
UC1xlH2lxd8slXChr474VKGQ,Iam.Seyshud,35,nano,30,30,4060.8,1950.0,6147.84,26000,0.0,0.0,0.0,0.0,71.1,0.3,0.1333,1.0,0.0,116.0229,0.3978
UCdTQpOkmUn1qvrlBsDlMQpA,Fighter,112000,mid,30,30,494366.67,70500.0,1297686.75,5600000,0.0,0.0,0.0,0.0,69.73,0.2333,0.0,1.0,0.1,4.414,0.2759
UCDMSJFPa3CH6YPNG8aTqjdA,Julie Degallaix - Coaching4U,402,nano,30,30,489.77,380.5,330.58,1400,0.0,0.0,0.0,0.0,96.97,0.4333,0.1,1.0,0.0,1.2183,0.597
UCYk7Ywt-7f_Pw8Lc5VNL61g,Jikeo,15300,micro,30,30,25056.67,15000.0,47152.25,252000,0.0,0.0,0.0,0.0,65.03,0.4,0.1333,1.0,0.0,1.6377,0.347
UC8dVW9u_aNeGVl1WQnNh6yg,Matt & Justus,5220000,macro,30,30,2944100.0,2400000.0,2298607.47,9900000,0.0,0.0,0.0,0.0,90.07,0.0,2.3333,1.0,0.7667,0.564,0.5616
UCeUzGTGP4yqmtU7SRT2uqIA,abbas royal 5,253000,mid,30,30,39620.0,15500.0,70487.38,335000,0.0,0.0,0.0,0.0,81.97,1.0333,2.5667,1.0,0.0,0.1566,0.3598
UCwNA5oRi6y6Go5K17LmvhsQ,PriyaMG Shorts,1760000,macro,30,30,919633.33,380000.0,1538269.8,7800000,0.0,0.0,0.0,0.0,39.87,0.1333,0.4,0.0333,0.2333,0.5225,0.3742
UCUUng8xxGwDuK09KaOT4-5A,Thane Rising Cricket Academy,173000,mid,30,30,10000.0,9250.0,5339.73,21000,0.0,0.0,0.0,0.0,52.57,0.1333,0.0667,0.9333,0.0,0.0578,0.6519
UCsNK9s494UBuJD9qElPPpqg,Tom Padel ,1640,nano,30,30,20546.67,6750.0,36258.44,165000,0.0,0.0,0.0,0.0,72.53,0.0667,0.1667,0.9667,0.0,12.5285,0.3617
UCAZb6V_lf6NPGBqWGoZmJJA,Dk badminton,154000,mid,30,30,29143.33,26000.0,14993.19,74000,0.0,0.0,0.0,0.0,37.57,0.1667,0.5,0.7,0.0,0.1892,0.6603
UCPEnMy6z6wI7saOYe3Oh8eQ,Mansa TV,347,nano,27,27,842.93,754.0,624.11,2400,0.0,0.0,0.0,0.0,84.19,0.5926,0.0,0.8889,0.0,2.4292,0.5746
UC3Ke5tmSyv91ceZUR67eORg,Jass Batth ,91000,micro,30,30,25230.0,28500.0,13776.7,63000,0.0,0.0,0.0,0.0,33.27,0.2,0.3,0.2,0.0,0.2773,0.6468
UCP_MAR-m1iBDShrQkjSL6kA,Rittik Baheti(IITIAN),252000,mid,30,30,471966.67,116000.0,1227262.52,6700000,0.0,0.0,0.0,0.0,76.5,0.0667,0.8667,1.0,0.1,1.8729,0.2778
UCvjfgSSCvkcbQnm6ZRVuYLw,WOW 360 NEWS,90100,micro,30,30,18634.1,14500.0,16059.37,69000,0.0,0.0,0.0,0.0,86.5,0.1,1.0,1.0,0.0,0.2068,0.5371
UC9i5fwLq3maKVXAnu10YAuw,Neeru Saini,1020000,macro,30,30,93266.67,19500.0,257300.2,1300000,0.0,0.0,0.0,0.0,81.83,0.2,0.5,0.9667,0.0333,0.0914,0.266
UCBhNf3uDB4pFuww29O_wAJQ,Jezelle Catherine,6340000,macro,30,30,397133.33,151000.0,442721.56,1700000,0.0,0.0,0.0,0.0,32.5,0.0333,0.7,0.9667,0.1667,0.0626,0.4729
UCQPTbtadNWcPYuoS3JqkpYw,Baccha Mat Bolna,10800000,macro,30,30,20128866.67,9850000.0,21790277.16,95000000,0.0,0.0,0.0,0.0,94.87,0.2,0.0,1.0,0.9667,1.8638,0.4802
UCOiRczaqUjuf26_fh03y8wg,Martin Latulippe CSP,47300,micro,30,30,768.27,558.0,551.76,2600,0.0,0.0,0.0,0.0,36.93,0.2333,0.0,0.0,0.0,0.0162,0.582
UCVlgCP80qY1XrXv6tSV7fIg,RPFwala_ShabaMetha,14500,micro,30,30,1604.57,1700.0,670.63,3200,0.0,0.0,0.0,0.0,98.43,1.0333,0.0,1.0,0.0,0.1107,0.7052
UCwik9OZN4ID8a7owdYjWsHQ,SCS ONLINE 82,115000,mid,30,30,13166.67,7600.0,11963.23,48000,0.0,0.0,0.0,0.0,61.77,2.5,0.0333,1.0,0.0,0.1145,0.5239
UChG9cmUWO_ObNTwNQTvTg9Q,5StarAthlete,7650,nano,30,30,3983.53,1550.0,5792.41,23000,0.0,0.0,0.0,0.0,54.7,0.0667,0.0,1.0,0.0,0.5207,0.4075
UCOEJmx9Hzc2E1hGTCy0cZMA,Tumble Doctor,2210000,macro,30,30,50586.67,36000.0,68866.24,331000,0.0,0.0,0.0,0.0,40.97,0.1333,0.8333,0.8333,0.0,0.0229,0.4235
UCmtmeR0LIwe8AL48opTMShg,Girl Sports School,2180000,macro,30,30,29456.67,8900.0,103668.8,586000,0.0,0.0,0.0,0.0,68.43,0.0,0.6,1.0,0.0,0.0135,0.2213
UC8VIQWyugRNhegXQoIxW8Cw,Warmachine,1000000,macro,30,30,263083.33,24500.0,732929.71,3700000,0.0,0.0,0.0,0.0,47.87,0.2,0.0333,1.0,0.1,0.2631,0.2641
UCzuzUhVuNM1HLt9-vYhLFXA,Nico Grupe,276000,mid,30,30,1083.57,960.0,420.67,2600,0.0,0.0,0.0,0.0,46.77,0.1667,0.1,0.0333,0.0,0.0039,0.7203
UCKBmMXWUWPZv3yFCd79kNPw,Dutch Goalkeeper,2240000,macro,30,30,83286.67,21500.0,192222.08,798000,0.0,0.0,0.0,0.0,25.57,0.1667,1.4333,0.1667,0.0,0.0372,0.3023
UC1AfbkrMKdoEpjGhY93Dc4A,Essentiel84,25300,micro,30,30,74923.33,29500.0,127979.16,645000,0.0,0.0,0.0,0.0,98.13,0.4,0.5333,1.0,0.0,2.9614,0.3693
UCEoDY5QBbKAwSIEcE55Wkvg,Yogesh Pilania's ,147000,mid,30,30,17453.33,11000.0,18694.99,87000,0.0,0.0,0.0,0.0,68.6,0.1,0.0,1.0,0.0,0.1187,0.4828
UCQGA9vvYbZNkExdj1jyzZXA,Besttofffoot ,154,nano,30,30,3044.3,1150.0,6536.76,36000,0.0,0.0,0.0,0.0,78.7,0.0667,0.0,0.9667,0.0,19.7682,0.3177
UCOwLr-LOHoCkYVxKYGatImA,Official aspirant richa ,45200,micro,30,30,127873.33,52000.0,254841.34,1400000,0.0,0.0,0.0,0.0,83.33,1.8667,2.0667,1.0,0.0333,2.8291,0.3341
UCZxdnSGJyPQiC2RoqsDDsZA,CHANDPARA DEFENCE ACADEMY,12200,micro,30,30,1066.77,1050.0,505.95,2800,0.0,0.0,0.0,0.0,97.57,0.0333,1.0667,1.0,0.0,0.0874,0.6783
UCVwbN23uVtE_DWnA29DO7Yg,Lucia Mikušová,690000,mid,30,30,548933.33,154500.0,1495079.95,8500000,0.0,0.0,0.0,0.0,87.27,0.3,1.1667,0.9667,0.0667,0.7956,0.2686
UCi6gP1Rm5szLOUPQvrZJdLw,Deborah Fashion Sport,522000,mid,30,30,170000.0,123500.0,159284.86,769000,0.0,0.0,0.0,0.0,91.33,0.1,0.1667,1.0,0.0,0.3257,0.5163
UC3cbD8JQJtHSCKVVN_hu1kA,WASDCommunity,602000,mid,30,30,291500.0,82000.0,429384.42,1700000,0.0,0.0,0.0,0.0,60.0,0.0667,0.7667,1.0,0.0667,0.4842,0.4044
UCthCUysVLWg4zAIVSzOgRRg,Nick Walker,447000,mid,30,30,350733.33,60500.0,1177244.24,6500000,0.0,0.0,0.0,0.0,79.1,0.1,1.3,0.9333,0.0667,0.7846,0.2295
UCR-7PKFgZ0-16jCcIe7nJPA,ANATOLY GYM Shorts 1M,13300,micro,30,30,33590.0,15000.0,49043.64,232000,0.0,0.0,0.0,0.0,44.9,0.0667,0.1667,1.0,0.0,2.5256,0.4065
UCqxMc1B2fYXP0nAwijBpdxA,Rana TheViper ,106000,mid,30,30,2013.33,1750.0,993.07,4700,0.0,0.0,0.0,0.0,64.33,0.5,1.2667,1.0,0.0,0.019,0.6697
UCQ5shRRsgim1S0q6fIWHlEw,UPSC WITH VAISHNAVI,3670,nano,30,30,890.53,1000.0,478.94,2300,0.0,0.0,0.0,0.0,52.5,0.3667,1.3,0.8667,0.0,0.2427,0.6503
UCre4dEAz2aoX6FMckGtc1-Q,Memes_Special,201000,mid,21,21,410642.86,14000.0,1741850.21,8200000,0.0,0.0,0.0,0.0,88.05,1.381,0.7143,1.0,0.0476,2.043,0.1908
UCAexUKLWl81xrsi9WvjEYoA,Stephen Patula,595000,mid,30,30,518800.0,146000.0,798268.27,3700000,0.0,0.0,0.0,0.0,28.2,0.0,0.0667,0.1333,0.2,0.8719,0.3939
UCAmQJ7ZfXDNcCrU_T6PZnaQ,Karate Srijan,136000,mid,30,30,4408.77,3850.0,3172.06,13000,0.0,0.0,0.0,0.0,94.53,2.4667,2.1,1.0,0.0,0.0324,0.5816
UCkmfNp1ST7pxE8fhsMRPyQQ,Spiralis,1940,nano,30,30,2004.63,767.0,5089.85,25000,0.0,0.0,0.0,0.0,94.0,0.0333,0.5667,0.9667,0.0,1.0333,0.2826
UCETljBN70K3yXkpi50B1z5Q,Afsaleeyy ,172000,mid,30,30,899966.67,287000.0,1459900.9,5300000,0.0,0.0,0.0,0.0,84.33,0.7333,1.2333,1.0,0.2,5.2324,0.3814
UCuJJbG4uoBlf8OiOhoWCNOQ,Rajiv fauji,583000,mid,30,30,16180.0,6800.0,36936.08,212000,0.0,0.0,0.0,0.0,62.77,1.0,0.4,0.9667,0.0,0.0278,0.3046
UCRWVh0Dv3r1UW4Z3i1nqkMQ,Yashuu World,12800000,macro,30,30,2225666.67,1050000.0,2575167.87,12000000,0.0,0.0,0.0,0.0,84.1,0.0333,3.0333,1.0,0.5333,0.1739,0.4636
UCt3rz2NOIXEpp5NZPG0VJSQ,FNG ACADEMY,287000,mid,21,21,519033.33,129000.0,1572503.11,7500000,0.0,0.0,0.0,0.0,42.05,0.1429,0.3333,1.0,0.0476,1.8085,0.2482
UCuYChNd1RzVLPn6LBmZXINg,V-Karate Academy,2490000,macro,30,30,560233.33,201500.0,1616927.7,9100000,0.0,0.0,0.0,0.0,98.1,1.6,0.1,1.0,0.1,0.225,0.2573
UCIR_Vwh2TcSzmjFrnPEZuwQ,Zero-error-force,252000,mid,30,30,26866.67,9050.0,75279.47,427000,0.0,0.0,0.0,0.0,86.2,1.5333,2.4667,1.0,0.0,0.1066,0.263
UCvoyKsLjBXNPGCAeBcBzDIA,Peter Cao,26300,micro,30,30,894900.0,199500.0,1384956.45,4800000,0.0,0.0,0.0,0.0,59.5,0.1333,1.4,0.9333,0.3,34.0266,0.3925
UCcB29smWpqaQjTT_wMTKAqw,Alfaj Lucky,861000,mid,30,30,28323.33,20000.0,34482.39,171000,0.0,0.0,0.0,0.0,70.1,0.7,0.0667,1.0,0.0,0.0329,0.451
UCJuNCvWdTm3up3Y-AmZ_idg,Grossplus,694000,mid,30,30,501376.67,25000.0,2148528.79,12000000,0.0,0.0,0.0,0.0,24.8,0.0,0.0,1.0,0.0333,0.7224,0.1892
UCoFzyFobS_q4oUeyOAu1FDA,KARATE SOUMITRA ,8190,nano,30,30,7326.67,6550.0,4789.64,19000,0.0,0.0,0.0,0.0,57.87,2.0,0.8667,1.0,0.0,0.8946,0.6047
UConqBPnCl9cZycpgtQ9Iddg,FactsMail 2.0,534000,mid,30,30,3580800.0,123500.0,7898165.52,40000000,0.0,0.0,0.0,0.0,57.53,0.2667,0.0,1.0,0.3667,6.7056,0.3119
UC3iaLGLRFNo_-WukKAOBPwQ,UnJourQuiRit,65,nano,30,30,2261.43,1150.0,3226.52,17000,0.0,0.0,0.0,0.0,55.6,0.2333,0.0,1.0,0.0,34.7912,0.4121
UCBZiUCJhHuHiqk0v7jYVXZQ,Punjab Da Ishq,107000,mid,30,30,3486.67,2300.0,2470.19,12000,0.0,0.0,0.0,0.0,45.67,0.0,0.2,1.0,0.0,0.0326,0.5853
UCHx22hT8htSFHmRByp--pTA,Volleyball Heat,31300,micro,30,30,10637.33,7500.0,10731.93,58000,0.0,0.0,0.0,0.0,90.2,0.2,0.9333,0.7,0.0,0.3399,0.4978
UClkWqlTYPhO7CNqW7D0GktA,Jacket Nation Sports,2510,nano,30,30,757.4,722.0,719.4,4100,0.0,0.0,0.0,0.0,58.37,0.0667,0.0,1.0,0.0,0.3018,0.5129
UCaeyiF2LRdUMDQ-MiDVXviA,BritishRacingSchool,3110,nano,30,30,18456.2,942.0,93323.42,521000,0.0,0.0,0.0,0.0,41.7,0.0667,0.0,0.9333,0.0,5.9345,0.1651
UCuGWUE_oKIvc1qMySG3OAbQ,My Trainer Omkar,28500,micro,30,30,10191.1,9350.0,5288.34,31000,0.0,0.0,0.0,0.0,59.3,2.0,0.0,0.8667,0.0,0.3576,0.6584
UC38e3m0ZqOhI0SIzEZVJpSA,CRAZY REAL STUNTS,7770,nano,30,30,24201.3,2800.0,102038.84,572000,0.0,0.0,0.0,0.0,81.2,0.2667,0.0,0.8,0.0,3.1147,0.1917
UC3rtSVJgXrn_VqmLx0SyPUg,HULK THE PITBULL,4160,nano,30,30,4934.8,2950.0,7372.33,37000,0.0,0.0,0.0,0.0,76.1,1.6667,0.4333,1.0,0.0,1.1862,0.401
UCnqP9_czU__SBDo-o0u-f4Q,L'Astro avec Eugény & Julien,1270,nano,30,30,799.27,582.0,876.32,5100,0.0,0.0,0.0,0.0,50.1,0.0333,0.6667,0.0,0.0,0.6293,0.477
UC2wjGck6twTPd6aRJ7SMhow,lealaw,5500,nano,30,30,1107.07,1000.0,522.54,2500,0.0,0.0,0.0,0.0,21.3,0.0333,0.0,0.0,0.0,0.2013,0.6793
UCItkJekgfHhxet8rFCTyL2Q,Gnax Editz ,225000,mid,30,30,23683.33,25000.0,10045.1,48000,0.0,0.0,0.0,0.0,67.67,0.0333,1.6667,1.0,0.0,0.1053,0.7022
UCnzFWN5WSHRD1zY4kC2QZWQ,Rubik's Cube Master,258,nano,30,30,1556.0,1300.0,861.76,4300,0.0,0.0,0.0,0.0,59.8,0.4,0.0,0.4667,0.0,6.031,0.6436
UCNWeDW0W0lahvzY93ZL3ZLA,A Record_Cube,127000,mid,30,30,22526.67,10200.0,56893.47,325000,0.0,0.0,0.0,0.0,80.9,1.0667,0.6333,1.0,0.0,0.1774,0.2836
UCNH9KPmfyB9luhLm64BC7RQ,ROYAL CUBERS,931,nano,30,30,6478.5,2300.0,8661.54,33000,0.0,0.0,0.0,0.0,63.97,0.4667,0.8333,0.4667,0.0,6.9586,0.4279
UCIw-LsDAS5aqBznt6KlyVHw,HuhuHR,224,nano,30,30,3047.67,1850.0,4153.54,23000,0.0,0.0,0.0,0.0,58.3,0.0667,0.1333,0.8333,0.0,13.6057,0.4232
UCMSqNCpXNEl-Y-HYA78qbtw,@Mg_ cube,251,nano,30,30,1055.3,1000.0,339.55,2100,0.0,0.0,0.0,0.0,65.6,1.3,0.6667,0.8667,0.0,4.2044,0.7566
UCxuSONwVWBDUC21mkHR8iZA,NCN Cubing,35,nano,5,5,1572.8,1100.0,1403.34,4000,0.0,0.0,0.0,0.0,68.2,2.0,1.8,1.0,0.0,44.9371,0.5285
UCk7QYY8_ytWZUcl-FazvRSw,Cube Master 640,247,nano,30,30,1027.33,1250.0,811.73,3000,0.0,0.0,0.0,0.0,71.3,0.2667,1.5667,0.9667,0.0,4.1592,0.5586
UCSvANyWCm8h5Iv7bGWd-95Q,FACT_ALL_FK,24500,micro,30,30,3613.63,207.5,7862.08,28000,0.0,0.0,0.0,0.0,41.47,0.5,0.7333,0.8333,0.0,0.1475,0.3149
UCGCTNwkdyVIA-mKqPd6aTUA,BADSHAH CUBER ,9360,nano,30,30,82136.67,5550.0,358516.51,2000000,0.0,0.0,0.0,0.0,54.53,0.9333,1.4333,1.0,0.0333,8.7753,0.1864
UC2nYDIKFKj3ROKoIOkgSM8w,CUBER BOY JASHAN ,202,nano,30,30,5205.93,2950.0,6774.92,32000,0.0,0.0,0.0,0.0,74.0,0.7333,1.1,0.9667,0.0,25.7719,0.4345
UCjxsJm2zWOpF_FRYnJbY5VQ,Flashcuber,33700,micro,30,30,14772.9,8650.0,13015.37,52000,0.0,0.0,0.0,0.0,56.83,1.6667,1.5,1.0,0.0,0.4384,0.5316
UCCHY9JCsDc5OeWLMUUtMjUg,CUBES KING,17,nano,4,4,975.75,1000.0,671.13,1900,0.0,0.0,0.0,0.0,80.25,3.0,1.75,1.0,0.0,57.3971,0.5925
UC32ZgBQ5Gwat5IK2oRSrjvQ,Cubing with pranav,83,nano,16,16,3948.44,1750.0,5960.41,25000,0.0,0.0,0.0,0.0,41.62,0.1875,0.0,0.9375,0.0,47.5716,0.3985
UCXDbiaPTtfO8P6u46WTGshw,The thieves cuba's,1930,nano,30,30,2861.77,1600.0,3327.91,16000,0.0,0.0,0.0,0.0,78.47,3.6333,1.6333,1.0,0.0,1.4828,0.4623
UCDSG1S7lPzp399tzetJ_FuQ,Rubik Priyam ,8820,nano,30,30,2453.3,1095.0,5390.08,30000,0.0,0.0,0.0,0.0,73.1,0.5667,1.0,0.9333,0.0,0.2782,0.3128
UCDWUcyrQpc-CopR23fM9g9g,Respect_puesh,9500,nano,30,30,1474.73,649.5,4588.2,26000,0.0,0.0,0.0,0.0,41.93,0.3667,1.6,0.3667,0.0,0.1552,0.2432
UCVEQHY8vKC1FVieL1HINk4g,Cube Ni Kim,49,nano,30,30,600.8,634.0,349.97,1600,0.0,0.0,0.0,0.0,91.5,0.2667,0.7,1.0,0.0,12.2612,0.6319
UCamz5yyKs4naf290b9uCo6Q,Grant Hypercuber,970,nano,7,7,1422.29,1500.0,954.72,2900,0.0,0.0,0.0,0.0,53.14,0.0,0.0,1.0,0.0,1.4663,0.5984
UCb728cgQMYzI4MOrKYO0hAA,Ritesh Maurya Cubing ,49000,micro,30,30,201886.67,31000.0,928354.08,5200000,0.0,0.0,0.0,0.0,48.77,1.2333,0.4667,1.0,0.0333,4.1201,0.1786
UCNN73meIT2nt3kLjLUkdFuw,Cube World,170,nano,30,30,4741.4,1200.0,8661.48,34000,0.0,0.0,0.0,0.0,96.8,1.0,0.0667,1.0,0.0,27.8906,0.3538
UCk_uyBNiiAX-tW4EIRZwQ4A,Fun with stress crusher,1350,nano,30,30,13233.7,6750.0,13354.14,33000,0.0,0.0,0.0,0.0,97.57,3.2,0.6667,1.0,0.0,9.8027,0.4977
UCGxwa4_wLINxPv4cBn_IdRw, GANCUBERS,24100,micro,30,30,7153.23,2200.0,11224.51,39000,0.0,0.0,0.0,0.0,81.0,0.0,0.0,1.0,0.0,0.2968,0.3892
UCKEjsw8IyGwbGFqd3uV9KRg,Ghast SpeedCuber,110,nano,30,30,992.6,940.0,321.77,2000,0.0,0.0,0.0,0.0,71.27,1.0,0.0,1.0,0.0,9.0236,0.7552
UCcwjfhJ7uHcytGwnDkiPpqw,Cubify,63,nano,2,2,1376.0,1376.0,424.0,1800,0.0,0.0,0.0,0.0,69.5,0.0,1.5,1.0,0.0,21.8413,0.7644
UCDBEb9ODDQQlDlODz1MRV1g,SHOW SHORTS,1200,nano,30,30,22377.3,24500.0,8946.95,33000,0.0,0.0,0.0,0.0,59.1,0.0,0.8,1.0,0.0,18.6477,0.7144
UCY2VRryx9P9OIZCknBGuY7w,Cube Perfect,390,nano,30,30,2664.9,1200.0,6586.97,37000,0.0,0.0,0.0,0.0,76.73,0.1667,0.0333,0.9667,0.0,6.8331,0.288
UCnHRIVPP9ws9ZPNKm7-eZ0w,Vaiki ,792,nano,30,30,1142.1,1049.5,789.5,4300,0.0,0.0,0.0,0.0,46.8,0.3,0.0333,0.8667,0.0,1.442,0.5913
UC-Jwrd5Rw9ghTyJO9nZpvSQ,TheCubeClicks,30,nano,20,20,2934.25,1800.0,2797.72,13000,0.0,0.0,0.0,0.0,91.8,0.3,1.45,0.95,0.0,97.8083,0.5119
UCWwlJBTJsi8uXO997np55PA,jacky,15,nano,24,24,519.12,187.0,552.92,1700,0.0,0.0,0.0,0.0,33.58,0.2083,0.0,0.2917,0.0,34.608,0.4842
UCKoc2MBtOo-cO3lHZghWEHA,Mez Cubing,94300,micro,30,30,1450226.67,16500.0,6519899.55,36000000,0.0,0.0,0.0,0.0,87.1,0.5333,0.5,1.0,0.0667,15.3789,0.182
UCuUx7RJ155hiTxmjlECsJ1w,Unreal Cuber,2980,nano,30,30,27902.33,3850.0,111564.3,627000,0.0,0.0,0.0,0.0,50.7,0.0333,1.2667,0.9,0.0,9.3632,0.2001
UCxgqif4MmVfJ_Qcol964ScA,Cube Trance,15100,micro,30,30,12933.33,3400.0,16579.85,53000,0.0,0.0,0.0,0.0,44.23,0.6667,0.1,0.0,0.0,0.8565,0.4382
UC15lXRGVPrakSrSq7iHM5VA,Paradise Cuber,8060,nano,30,30,2880.0,1900.0,2072.1,9200,0.0,0.0,0.0,0.0,42.83,0.3,1.0667,0.9,0.0,0.3573,0.5816
UCodPb8CPtMVBktBV6THHCfQ,JimWolverine,13200,micro,30,30,1154.97,1000.0,697.66,3500,0.0,0.0,0.0,0.0,32.33,0.0333,0.0,0.1333,0.0,0.0875,0.6234
UCoCz43hymABTsfW36nSgOBw,MOTESOR ANIMATION,2730000,macro,30,30,224533.33,85500.0,276035.84,1200000,0.0,0.0,0.0,0.0,34.03,0.0333,0.0,1.0,0.0333,0.0822,0.4486
UC2i8qUSQxjCgO_Cx-qKkAYw,𝗚𝗥𝗠𝗟𝗜𝗡,2620,nano,30,30,6123.33,4000.0,5557.86,29000,0.0,0.0,0.0,0.0,37.0,0.0667,0.9333,1.0,0.0,2.3371,0.5242
UCJOLK3NiGgqiwHcFLhyC--w,KS RUBIKS,896,nano,30,30,640.7,611.5,681.84,2300,0.0,0.0,0.0,0.0,36.27,0.0,0.0,1.0,0.0,0.7151,0.4844
UCmUagpedV3qa4IResjToPWQ,Si pamerR,499000,mid,30,30,15626.67,11000.0,10116.52,38000,0.0,0.0,0.0,0.0,42.23,0.1,0.0,1.0,0.0,0.0313,0.607
UCguf3P0ba5PLhDdNVospEXQ,SHIBAM FAST CUBING ,133,nano,30,30,1018.13,855.0,1401.81,7800,0.0,0.0,0.0,0.0,54.83,0.7667,1.3333,0.8333,0.0,7.6551,0.4207
UCyXUoppnSztGhNIuYJrCSAw,ADARSH CUBER 123,596,nano,30,30,866.47,921.0,725.32,2100,0.0,0.0,0.0,0.0,88.73,1.1667,0.0667,0.9667,0.0,1.4538,0.5443
UCJJTwGfKd-U1-hWkl1bQJxw,@comedy boy jettu...,486,nano,30,30,2601.13,1050.0,6495.05,37000,0.0,0.0,0.0,0.0,59.4,2.6,1.9333,1.0,0.0,5.3521,0.286
UCpw1mRddY8PQ8nPk_pn2dDw,KKtales,2,nano,6,6,837.0,1004.5,507.36,1400,0.0,0.0,0.0,0.0,83.67,0.8333,0.5,0.8333,0.0,418.5,0.6226
UCeWaFw71-DkcWftpHAzObXQ,Bajrangi Boy,27500,micro,30,30,20572.7,22500.0,11386.98,37000,0.0,0.0,0.0,0.0,57.7,0.2333,1.3333,1.0,0.0,0.7481,0.6437
UC5Pf5PVwjVtuLH46mu-SRZQ,Prince Technical Cubing,1460,nano,30,30,3599.73,1600.0,7312.53,36000,0.0,0.0,0.0,0.0,57.4,0.3667,1.4,1.0,0.0,2.4656,0.3299
UCoycOEKKBxyRMcwFOG7aDow,P1wiwi,79000,micro,30,30,2989.97,1800.0,3786.58,17000,0.0,0.0,0.0,0.0,46.4,0.0667,0.3,0.8333,0.0,0.0378,0.4412
UC_udz9MoIIZ39PdyIicYy5Q,Ketchup Sandwich,155,nano,11,11,1182.64,795.0,1097.22,3800,0.0,0.0,0.0,0.0,74.73,0.1818,0.0,1.0,0.0,7.6299,0.5187
UCybgzL37gTMumqFnDAKSePA,CubingRealM,1600,nano,30,30,1701.73,1700.0,507.5,3300,0.0,0.0,0.0,0.0,75.63,0.0,1.0,1.0,0.0,1.0636,0.7703
UCTjzjDNRKirqSTVkulFAYrQ,HISPANIC CUBES,5510,nano,30,30,1184.27,1100.0,585.16,2600,0.0,0.0,0.0,0.0,76.47,0.0,0.0,1.0,0.0,0.2149,0.6693
UCM9afWTfHEA84O_AHk37yyw,Cubing with Russel,162,nano,13,13,9420.38,3800.0,12568.24,44000,0.0,0.0,0.0,0.0,32.77,0.0769,0.0,0.4615,0.0,58.1505,0.4284
UCaksgnlXd7azE2rqY-DGQ2g,Cubedix,4180,nano,27,27,209877.78,24000.0,623752.27,3200000,0.0,0.0,0.0,0.0,80.89,1.0,0.2963,1.0,0.0741,50.21,0.2518
UCWEmPJjCWM1YCyIAmLN1BCA,solving cube Bapi ♥️♥️,52,nano,28,28,1388.61,1300.0,729.23,3900,0.0,0.0,0.0,0.0,45.64,0.9643,0.0,1.0,0.0,26.704,0.6557
UC8VeH1R6DGLVnckeaEO6NXA,Cubes with om ,329,nano,30,30,2335.83,1250.0,4322.53,25000,0.0,0.0,0.0,0.0,65.33,1.3667,0.0667,1.0,0.0,7.0998,0.3508
UCZuJUBC1phJQc-D5QXrIIWg,Faizan Technical ,3840,nano,30,30,3288.17,1850.0,3939.14,20000,0.0,0.0,0.0,0.0,47.17,0.3667,0.4333,0.8,0.0,0.8563,0.455
UCqC7HeMwd5iQWUNbEMObvNw,Cubify,1140,nano,30,30,2819.37,2100.0,2052.12,11000,0.0,0.0,0.0,0.0,64.77,0.2,1.1333,1.0,0.0,2.4731,0.5787
UCxmNpAZ1dk4NUTdwOMy71xQ,The Cube Genius,69,nano,30,30,4484.77,2050.0,7063.35,35000,0.0,0.0,0.0,0.0,98.23,1.2667,1.3333,1.0,0.0,64.9967,0.3884
UCpSFLZGIdLI5ik7FWqJzt0Q,Inevitable Twists,187,nano,30,30,15458.0,6900.0,14799.58,54000,0.0,0.0,0.0,0.0,78.03,0.2,0.0333,1.0,0.0,82.6631,0.5109
UClQmqRMb9X62m4UueBUlaCg,AYUSH_CUBER ,2530,nano,30,30,12734.73,9750.0,10200.86,33000,0.0,0.0,0.0,0.0,59.0,1.5333,1.6,0.8333,0.0,5.0335,0.5552
UC-vFaGf0OnpMsDdMijjsLIQ,cuber captain ,1070,nano,30,30,17322.37,18500.0,12796.02,36000,0.0,0.0,0.0,0.0,97.6,2.5667,0.9,1.0,0.0,16.1891,0.5751
UCgwZyEeEppJnMfxiK1Sf5DA,The Magik Cube,3150,nano,30,30,18347.7,21500.0,12242.22,35000,0.0,0.0,0.0,0.0,97.9,2.6667,0.9,1.0,0.0,5.8247,0.5998
UCgL5wG-4o7_hOs1d2B9C13Q,Cubemylife,1560,nano,30,30,118543.33,4650.0,394391.01,1900000,0.0,0.0,0.0,0.0,53.3,0.3667,1.5333,0.9667,0.0667,75.9893,0.2311
UCT-TAGa43etXbEAJ7KhA9zw,Michael Cuber,2980,nano,30,30,2702.27,1500.0,4522.44,20000,0.0,0.0,0.0,0.0,50.5,0.1,0.0333,0.9667,0.0,0.9068,0.374
UCOm7uAnY7c4A_7rzYKqtPIg,Budak Tutorial14,1160,nano,30,30,39335.93,2050.0,179257.81,1000000,0.0,0.0,0.0,0.0,87.07,1.1,0.0,1.0,0.0333,33.9103,0.1799
UCH7zR-EDZU8JIzJ7sEfk4Mw,MR NOME,177000,mid,30,30,866900.0,76000.0,2234009.41,11000000,0.0,0.0,0.0,0.0,39.17,0.1333,1.6667,0.6333,0.1333,4.8977,0.2796
UCkrY_1Ixq6fMpQuZyTjGtuA,The cubing lab,177,nano,30,30,696.97,1000.0,611.08,2000,0.0,0.0,0.0,0.0,66.1,0.5333,0.6667,0.9667,0.0,3.9377,0.5328
UCfHeqJAPf9-qoOUktp-SiBg,NervePress,28,nano,30,30,1564.23,1200.0,2565.14,14000,0.0,0.0,0.0,0.0,87.0,0.1,0.0667,0.8,0.0,55.8654,0.3788
UClY-sXLWWJO0OQlerq24z2w,BeastCuber,146,nano,30,30,3079.3,1600.0,6350.07,35000,0.0,0.0,0.0,0.0,91.37,0.1333,0.2333,1.0,0.0,21.0911,0.3266
UCt4cMU2w8GcS4i9axsWhIxQ,Brain Puzzle  🧩,7,nano,12,12,913.25,1050.0,488.48,1500,0.0,0.0,0.0,0.0,75.5,1.0,0.9167,1.0,0.0,130.4643,0.6515
UCJKFF0ILa8Jy5WbRI5chQuw,Cubing Wave,49800,micro,30,30,18417.9,4450.0,32131.38,150000,0.0,0.0,0.0,0.0,29.57,0.4333,0.8333,0.4667,0.0,0.3698,0.3644
UCYVbueht00K7807frvQxYWw,SkillSastra ,3240,nano,30,30,1365.47,1350.0,634.62,2700,0.0,0.0,0.0,0.0,89.0,0.0333,0.6333,1.0,0.0,0.4214,0.6827
UCyJeNmHaPbXKN6v0nBv41DA,T-Cube1.0,2340,nano,30,30,3543.93,1500.0,6356.46,32000,0.0,0.0,0.0,0.0,61.47,0.8667,0.3333,1.0,0.0,1.5145,0.358
UCIqxWGPyoK3cBjO-AcJpmZQ,Low Poly Prints ,25,nano,11,11,1292.09,1500.0,521.08,2000,0.0,0.0,0.0,0.0,71.27,0.7273,0.0,1.0,0.0,51.6836,0.7126
UCL9tmtKSiGEGYpM8HWXyGog,Cube solve,26300,micro,30,30,75350.17,23000.0,206426.59,878000,0.0,0.0,0.0,0.0,80.63,1.4,0.9333,1.0,0.0,2.865,0.2674
UCpfXPgcC6dfeAzjAK1fMOpA,Saneesh Valsan,332,nano,30,30,1607.13,1150.0,1811.55,10000,0.0,0.0,0.0,0.0,44.23,0.0667,0.0,1.0,0.0,4.8408,0.4701
UC8PWPyGXgjhEs5KCZIAkzvA,Evil cuber 94 ,5660,nano,30,30,32865.0,4750.0,103779.7,584000,0.0,0.0,0.0,0.0,55.7,0.6667,1.2333,0.2667,0.0,5.8065,0.2405
UCxJredVVMAEhOgtPagpen2A,Tech tonics ,15500,micro,30,30,6591.13,2000.0,8699.54,29000,0.0,0.0,0.0,0.0,54.07,0.0,0.0,1.0,0.0,0.4252,0.4311
UCmOUHiSGM5Jp1aB3OVnf_lg,Fatin Israk Seyam,101000,mid,30,30,8950.0,4100.0,10735.98,35000,0.0,0.0,0.0,0.0,45.33,0.5,1.2667,0.8,0.0,0.0886,0.4546
UCIOMb9HM-cpVjRe249-eyuA,Amit Medpalliwar - Speedcuber,472,nano,30,30,1604.47,1650.0,906.92,4900,0.0,0.0,0.0,0.0,59.3,0.6,0.5667,0.8667,0.0,3.3993,0.6389
UCQY3OOypcqyriwSUkAIsX0g,Lucas Campaniello González ,159,nano,30,30,949.47,664.0,733.8,2700,0.0,0.0,0.0,0.0,76.37,0.0,0.0667,0.9,0.0,5.9715,0.5641
UC0NXJc-kjqMxLoVHIvxzM6w,A. Rakhshanfar all things you like,2160,nano,30,30,14673.33,3600.0,22032.58,106000,0.0,0.0,0.0,0.0,96.03,3.0667,0.0,1.0,0.0,6.7932,0.3998
UC_x1p_EqC854jLao2rQF9VQ,CuberA,79,nano,30,30,1643.7,1600.0,447.23,2600,0.0,0.0,0.0,0.0,56.43,0.3,0.2667,1.0,0.0,20.8063,0.7861
UCkrM2pTooxRsTL3o2R4YSAg,AT CUBING LITE +999,601,nano,30,30,1408.23,778.5,1518.45,6300,0.0,0.0,0.0,0.0,53.37,1.4667,1.0333,0.8,0.0,2.3431,0.4812
UCqhFPSKa1BMCGoXxca9RN4Q,A arte do cubo!,628,nano,30,30,756.17,1043.5,601.75,1600,0.0,0.0,0.0,0.0,92.0,1.0,0.0,1.0,0.0,1.2041,0.5569
UCmKvHQbmcj1V0PUl9IyPlDw,Sabin Cuber,325,nano,30,30,2492.43,1500.0,4670.61,27000,0.0,0.0,0.0,0.0,41.0,0.0,0.0,1.0,0.0,7.669,0.348
UCA9Fuk4t89rnXWoBOaI39sQ,@AJAYCUBER,5430,nano,30,30,1725.4,1700.0,1624.62,7300,0.0,0.0,0.0,0.0,67.83,1.6,1.5667,0.9333,0.0,0.3178,0.515
UCOLsvB-34qX3erIPEFsmoJA,Cubix,1580000,macro,30,30,329066.67,49500.0,996338.43,5300000,0.0,0.0,0.0,0.0,77.4,1.0,0.0667,1.0,0.0667,0.2083,0.2483
UCPSzK0mujyqC1dWAXms1KKA,tafu,16,nano,6,6,936.17,1100.0,416.7,1200,0.0,0.0,0.0,0.0,54.67,0.0,0.0,0.6667,0.0,58.5106,0.692
UCc0uFTsiGR8YZ7gEuux6toQ,Mr. Cuber ,30,nano,20,20,1369.55,1350.0,654.2,3600,0.0,0.0,0.0,0.0,92.75,1.85,0.0,1.0,0.0,45.6517,0.6767
UCU-eukmt6XG1HCboOeUqxJA,Trending Cubers 🤩🤩,114000,mid,30,30,13153.33,10000.0,7758.64,30000,0.0,0.0,0.0,0.0,55.43,0.8,4.8667,1.0,0.0,0.1154,0.629
UC6IS4zQFq5ldSFwZobFUT1A,Ecubes,300,nano,30,30,3901.07,1600.0,6886.64,31000,0.0,0.0,0.0,0.0,81.77,2.8333,0.0,1.0,0.0,13.0036,0.3616
UCgYQm09H2QR-L5_18pBwG1Q,Smart Cubing,4260,nano,30,30,12879.13,2650.0,17835.15,70000,0.0,0.0,0.0,0.0,41.6,0.3333,0.2333,1.0,0.0,3.0233,0.4193
UCLKz3q08gCRDpqN9cIQvtCw,Snap Cubing,19800,micro,23,23,57147.83,32000.0,118662.87,596000,0.0,0.0,0.0,0.0,76.13,2.913,1.3913,0.9565,0.0,2.8863,0.3251
UCLpTUr4odJQAZkApIKou1ig,Rubik's Cube Lion 😊😊,503000,mid,30,30,17513.33,16000.0,9718.91,43000,0.0,0.0,0.0,0.0,57.57,0.9,3.8,1.0,0.0,0.0348,0.6431
UCzpYEsqQV20wZycK1_ZTX1Q,Cuber Siam,45000,micro,30,30,6750.0,4700.0,5428.74,27000,0.0,0.0,0.0,0.0,54.07,0.8,0.7,0.7333,0.0,0.15,0.5542
UCtwna9tvkrqErLao05CmQKg,Caligraze,83200,micro,30,30,16974.33,2100.0,67043.46,371000,0.0,0.0,0.0,0.0,75.23,0.5667,0.4667,1.0,0.0,0.204,0.202
UCGRCMgG3AokQRGamqzfuldQ,Haven Cuber,20800,micro,30,30,6121.7,3000.0,8680.34,37000,0.0,0.0,0.0,0.0,52.53,0.2,0.4667,1.0,0.0,0.2943,0.4136
UC7xkcnZHE27uoFbHnbDFIsQ,Cube Guide ,7150,nano,30,30,36580.0,4450.0,141210.33,794000,0.0,0.0,0.0,0.0,80.6,1.0,0.0,1.0,0.0,5.1161,0.2057
UCzKilaR-TfwxWvlAFIvXnXw,dkcuber,2300,nano,30,30,11390.0,3200.0,15030.8,61000,0.0,0.0,0.0,0.0,69.27,0.9333,0.0667,1.0,0.0,4.9522,0.4311
UCj7icG1Mrb2MO-gBZei_iSw,eGameBooster,8460,nano,30,30,9813.33,2000.0,13680.54,42000,0.0,0.0,0.0,0.0,49.43,0.0,0.0,1.0,0.0,1.16,0.4177
UCSf-peKQF83eCw1GN64cFxw,SANGITA SHORTS VIDEO ,7790,nano,30,30,9733.43,3600.0,11817.93,40000,0.0,0.0,0.0,0.0,71.3,1.5,2.0,1.0,0.0,1.2495,0.4516
UCaLtQ_A42i_jgoWDq9ab2gg,Sad song lover 💔,36,nano,3,3,15134.33,1400.0,20419.08,44000,0.0,0.0,0.0,0.0,35.0,0.0,0.3333,0.6667,0.0,420.3981,0.4257
UCyRWvkhvCB05u9vM8qQKLmg,moita - Cubo mágico,331,nano,30,30,1440.37,1300.0,1071.39,4900,0.0,0.0,0.0,0.0,41.53,0.1667,0.3667,0.3667,0.0,4.3516,0.5735
UCWQYXJHQWMUGuw26apbZS2Q,AMIT TECHNICAL CUBER X2,6,nano,6,6,858.5,615.0,882.14,2100,0.0,0.0,0.0,0.0,46.17,0.5,0.3333,0.8333,0.0,143.0833,0.4932
UCBGlswukTdfSrA9WNuno1XQ,Ahmad Cube Solver,29,nano,30,30,176.63,13.0,376.8,1300,0.0,0.0,0.0,0.0,61.13,1.7333,0.0333,1.0,0.0,6.0907,0.3192
UCb5uMDUGVSios5P9eT-JRlw,Aryaman cubing,690000,mid,30,30,6357.67,3300.0,8554.42,36000,0.0,0.0,0.0,0.0,48.57,0.5,1.4667,0.9667,0.0,0.0092,0.4263
UCmQODrmwaQXB3IJfWh3kDLg,Think Rubik’s ,31600,micro,30,30,796710.0,34000.0,2672537.67,14000000,0.0,0.0,0.0,0.0,78.43,1.0,0.1,1.0,0.1,25.2123,0.2296
UCJOTUfJwSSQcdRrWYAviN1w,Aruush 3D,23400,micro,30,30,341766.67,93000.0,800745.14,4200000,0.0,0.0,0.0,0.0,76.8,0.0,0.2,1.0,0.0667,14.6054,0.2991
UCKiLtqajY9U7uoi_eyugk_w,King of Cubers,15100000,macro,30,30,545300.0,58500.0,1398513.6,5600000,0.0,0.0,0.0,0.0,49.33,0.1667,1.2333,0.7,0.1,0.0361,0.2805
UCXkLE87ktK00Yy5NrUn8u7A,UR · Artist,29500,micro,30,30,92215.03,6850.0,428711.44,2400000,0.0,0.0,0.0,0.0,54.33,0.2333,0.0667,1.0,0.0333,3.1259,0.177
UC8BTf9QQU287sQCff_J7rEw,Cubexium,596,nano,30,30,8140.63,2050.0,13241.15,53000,0.0,0.0,0.0,0.0,90.73,1.7667,0.8667,1.0,0.0,13.6588,0.3807
UCPxtWRujyptW3wlWMxDFICA,Heroo rubik,840,nano,30,30,30238.6,6650.0,95824.78,542000,0.0,0.0,0.0,0.0,85.13,1.1,0.6,1.0,0.0,35.9983,0.2399
UCxE248p2-PE6PK-AATg9mcg,Hasnain Technical,5900000,macro,30,30,124633.33,101000.0,80392.16,490000,0.0,0.0,0.0,0.0,32.77,0.0667,0.8333,0.0,0.0,0.0211,0.6079
UCcKlp0m8y5EbrA1nspEyYug,Cubebox,40,nano,28,28,1223.61,1300.0,855.93,2700,0.0,0.0,0.0,0.0,60.14,0.4643,0.9643,1.0,0.0,30.5902,0.5884
UCMsDX7LNkGAbUJIf-1-g0uA,Charlie Davis,967000,mid,30,30,691296.67,4350.0,2906414.94,16000000,0.0,0.0,0.0,0.0,27.9,0.8,0.0,1.0,0.0667,0.7149,0.1921
UCiS_3r8KSMZU_l3n_r-VdDw,Candy Funhouse,1270000,macro,30,30,29096.67,19500.0,22998.35,118000,0.0,0.0,0.0,0.0,34.1,0.1667,0.6667,0.0,0.0,0.0229,0.5585
UCkLNHZZsC3LKdUAroKNwOOw,CuRe 구래,33200000,macro,30,30,9459300.0,1450000.0,21152824.85,100000000,0.0,0.0,0.0,0.0,47.73,0.1,2.1,1.0,0.6667,0.2849,0.309
UCSyC7tTxT4aYtlska2EBUew,Boop Roblox,336000,mid,20,20,17580300.0,29500.0,56803035.86,243000000,0.0,0.0,0.0,0.0,40.2,0.05,0.9,0.7,0.1,52.3223,0.2363
UCmF-YxEvIOYiEfVtzX4LVUg,Fun Factory 07,196000,mid,30,30,37600.0,35000.0,14096.34,78000,0.0,0.0,0.0,0.0,52.8,0.2,0.7667,1.0,0.0,0.1918,0.7273
UCKLbzfmjFv_oalDX8sHxhkQ,Saito,36100000,macro,30,30,353033.33,190000.0,540491.35,2800000,0.0,0.0,0.0,0.0,31.0,0.0,3.0,1.0,0.0667,0.0098,0.3951
UCWFLTG0Wr22O1cN8t3rtu7w,Alex Sampson,490000,mid,30,30,36233.33,23000.0,44381.44,233000,0.0,0.0,0.0,0.0,41.87,0.1,0.2,0.9333,0.0,0.0739,0.4495
UCB7kOfZSbmrmEDI16CiLhiA,HORA DO MOSTARDA ,3280000,macro,30,30,3557800.0,422500.0,6531759.05,25000000,0.0,0.0,0.0,0.0,56.67,0.1333,0.7333,1.0,0.3333,1.0847,0.3526
UCSB9hcJ7ELAj3fCz-5OL3Vg,Animal Bunch,313000,mid,30,30,38626.67,37500.0,15942.04,77000,0.0,0.0,0.0,0.0,82.53,0.0667,1.6333,1.0,0.0,0.1234,0.7079
UC9xEPjn1ZHXh246HYZix8lQ,Leo Show ,11900000,macro,30,30,5812766.67,3900000.0,7890007.12,44000000,0.0,0.0,0.0,0.0,38.1,0.0667,1.7,0.0,0.8667,0.4885,0.4242
UCVu_gvle_jxEJ-OJbBlqgRg,Skyworld Animation Studio,1520000,macro,30,30,215866.67,79500.0,703724.89,4000000,0.0,0.0,0.0,0.0,53.93,0.0333,0.0667,1.0,0.0333,0.142,0.2347
UCCczaXpIkXAn1Tl-HODH-PA,Krishna Avyu,12300000,macro,30,30,5814233.33,3950000.0,5453625.73,25000000,0.0,0.0,0.0,0.0,56.1,0.2667,1.3667,1.0,0.8667,0.4727,0.516
UCUhNmMCHSt1k7yWHe0QdmZQ,K M Official,1550000,macro,30,30,35523.33,31000.0,35678.69,219000,0.0,0.0,0.0,0.0,77.0,2.0,2.9,1.0,0.0,0.0229,0.4989
UCI_OvtzK82eTL8KIRQ8G_EA,Candy Superstar,16300000,macro,30,30,23216666.67,10500000.0,29514607.49,113000000,0.0,0.0,0.0,0.0,49.67,0.2,1.4667,0.0333,1.0,1.4243,0.4403
UCzQZbOb86WvhOPoR7jgAfsA,TVP Info,506000,mid,30,30,37658.3,20500.0,37373.0,124000,0.0,0.0,0.0,0.0,79.7,0.0,0.0,0.8,0.0,0.0744,0.5019
UCqxGPcm1eNMVQsCw956tCZg,Crazy Vlog,2020000,macro,30,30,26806.67,23500.0,14024.38,66000,0.0,0.0,0.0,0.0,53.63,2.4667,0.4667,1.0,0.0,0.0133,0.6565
UCjx4dQ_vkAJ66irqxvhjfIA,Life Doodles short,8460000,macro,30,30,110533.33,105500.0,52173.9,237000,0.0,0.0,0.0,0.0,68.8,0.0,1.0,1.0,0.0,0.0131,0.6793
UCRIWIquWdo_lquf4xfC4KEw,Gabriela Flores Villar,15000000,macro,30,30,7523066.67,5850000.0,6544401.02,26000000,0.0,0.0,0.0,0.0,80.27,0.1333,2.5333,0.9667,0.9333,0.5015,0.5348
UCjRSLHUvYPFhvHYvBCFmcrw,StineundMarc,940000,mid,30,30,1136166.67,876500.0,893749.22,4900000,0.0,0.0,0.0,0.0,27.73,0.0,0.7667,1.0,0.4333,1.2087,0.5597
UC8HlbqYj-9qTta5WleFvNZw,The CAN Family,8710000,macro,30,30,1910200.0,1450000.0,1813682.41,8600000,0.0,0.0,0.0,0.0,72.17,0.3,1.1,1.0,0.6667,0.2193,0.513
UC8FqLpnbxRNpNmDuxNHuHHA,PR PRESENTS,10900000,macro,30,30,29720000.0,15000000.0,47267087.92,221000000,0.0,0.0,0.0,0.0,61.87,0.6667,1.8333,1.0,1.0,2.7266,0.386
UCM79XWNO1BdsSQ2fY4K74xg,Hayat world,41600,micro,30,30,15748.03,12000.0,12744.09,42000,0.0,0.0,0.0,0.0,70.83,0.0,2.0,0.0,0.0,0.3786,0.5527
UC0f4lOhzr2fi2ziNd8ARAew,LIGHTS ARE OFF,5320000,macro,30,30,33330000.0,13500000.0,52926465.65,222000000,0.0,0.0,0.0,0.0,61.7,0.1,0.5667,1.0,1.0,6.265,0.3864
UCj3eT48w7oJU0sGbxkX0FfQ,Jonathan Joly,2880000,macro,30,30,637576.67,452500.0,616978.95,2700000,0.0,0.0,0.0,0.0,45.73,0.1333,0.4667,1.0,0.1667,0.2214,0.5082
UCNdH4oIDuInn6QT2hj2_A5A,UV AYUSH JOD,1120000,macro,30,30,179500.0,141000.0,155698.59,692000,0.0,0.0,0.0,0.0,92.33,0.6,1.9,1.0,0.0,0.1603,0.5355
UC2q5ZojAw-NgexwFaFbdu1A,Emu Sabbir,3200000,macro,30,30,41426.67,23000.0,47250.63,204000,0.0,0.0,0.0,0.0,14.97,0.0,0.0,0.6667,0.0,0.0129,0.4672
UC2YEsYjJOz5OHOcRD9YtaZg,Milyutka,2430000,macro,30,30,1599866.67,450000.0,2863424.97,15000000,0.0,0.0,0.0,0.0,55.53,0.3667,1.3333,0.4333,0.4,0.6584,0.3584
UCBdAR7RGd5JuivKZtToGlZg,Carlos Reig,5220000,macro,30,30,466466.67,51500.0,1267769.58,6200000,0.0,0.0,0.0,0.0,73.17,0.2,0.0,1.0,0.1,0.0894,0.269
UCVtD5iA4rUuOK5cQrB_o4ow,Yoeslan,35300000,macro,30,30,445700.0,372500.0,263447.93,1400000,0.0,0.0,0.0,0.0,38.7,0.0333,1.9667,1.0,0.0333,0.0126,0.6285
UCRFrYBCdWPUoDm13DbadaSw,Ophenya,1250000,macro,30,30,182600.0,137500.0,156393.65,644000,0.0,0.0,0.0,0.0,33.63,0.2,1.2,0.0,0.0,0.1461,0.5387
UC5_zUBpbNA5XYpLl7QxKklQ,Magsi Shorts,73000,micro,30,30,34200.0,33500.0,22762.31,143000,0.0,0.0,0.0,0.0,61.93,2.4,0.2333,1.0,0.0,0.4685,0.6004
UCsiMxHAf0sS4VzwOy9P0lvA,Kate Brush,12900000,macro,30,30,85000.0,87000.0,34649.68,149000,0.0,0.0,0.0,0.0,51.1,1.0333,0.1667,0.9333,0.0,0.0066,0.7104
UCQB0skuuxIbGjtsC0bCkCPg,Noel Robinson,18900000,macro,30,30,1077200.0,304500.0,3539852.17,20000000,0.0,0.0,0.0,0.0,24.1,0.0,2.1333,0.1667,0.1333,0.057,0.2333
UCh8ioEVA4OtR4T-Y2naE47Q,Tiki Hena Vlogs,9490000,macro,30,30,516666.67,354500.0,589095.6,3200000,0.0,0.0,0.0,0.0,63.4,1.0333,2.5,1.0,0.1,0.0544,0.4672
UCh2H1SnNr2jIfZUDt1SgIqw,MUKBANG Food,846000,mid,30,30,1560466.67,368500.0,4270311.68,21000000,0.0,0.0,0.0,0.0,51.03,0.1,2.8,0.9667,0.1,1.8445,0.2676
UCkAiNfmvXJx2GDI9C-8ZKxg,StarkMakeup,91200,micro,30,30,117933.33,47000.0,196353.92,1000000,0.0,0.0,0.0,0.0,61.17,0.1,0.0333,1.0,0.0333,1.2931,0.3752
UCyPhQZ8PM7-0tsX5r2j34hw,JaiceNoir,188000,mid,30,30,3845266.67,546000.0,11255913.53,63000000,0.0,0.0,0.0,0.0,52.47,0.0333,1.0333,1.0,0.4,20.4535,0.2546
UCyZc8w6ljOeTAZtOr7uLmtw,Dawood Khan,1270000,macro,30,30,306283.33,39000.0,593306.32,2500000,0.0,0.0,0.0,0.0,94.77,1.0667,1.2667,1.0,0.1667,0.2412,0.3405
UCOpdlJDsxqzq9rxZUyigUWQ,Kaamini Shorts,5340000,macro,30,30,2715733.33,1950000.0,2473657.61,9900000,0.0,0.0,0.0,0.0,61.0,2.9333,1.6333,1.0,0.7667,0.5086,0.5233
UClu8wYqI1HvMPbDyeIQrC_w,The BN Family,8840000,macro,30,30,1025666.67,780000.0,972450.42,5900000,0.0,0.0,0.0,0.0,62.23,0.4333,1.7333,1.0,0.3333,0.116,0.5133
UCB_qaz6oKJwy6VWQZF4VYTg,PAW SAVERS,53700,micro,30,30,141710.0,61000.0,238259.07,1200000,0.0,0.0,0.0,0.0,56.5,0.0667,0.0,1.0,0.0333,2.6389,0.373
UCYCh5_-In6wtzWR-s_kM03w,H&T Official,28500000,macro,30,30,1303966.67,264500.0,4454105.38,25000000,0.0,0.0,0.0,0.0,52.83,0.8333,1.4,1.0,0.1333,0.0458,0.2265
UCUJkV75hkQRa7ttz6Ks_Tsg,ACTION PAPA SHOW,3650000,macro,30,30,193933.33,38000.0,746370.5,4200000,0.0,0.0,0.0,0.0,23.13,0.0667,1.3667,0.0667,0.0333,0.0531,0.2062
UCkzCjdRMrW2vXLx8mvPVLdQ,Man City,9130000,macro,30,30,236566.67,176500.0,219531.12,1000000,0.0,0.0,0.0,0.0,80.43,0.0333,1.7333,0.9,0.0333,0.0259,0.5187
UCo6fFQ8zc5RBM1HVQDyWvdg,Venus Monee,435000,mid,30,30,10123.33,4850.0,10707.62,42000,0.0,0.0,0.0,0.0,33.9,0.0667,2.0333,0.9667,0.0,0.0233,0.486
UCvWyqYT9h1AeOLgQgkTjrKw,Story Arc Paws,507000,mid,30,30,177833.33,152000.0,172298.98,625000,0.0,0.0,0.0,0.0,49.47,0.0,0.7667,0.3667,0.0,0.3508,0.5079
UCgJ5_1F6yJhYLnyMszUdmUg,Shorts Break,48200000,macro,30,30,7395466.67,5200000.0,7500501.94,39000000,0.0,0.0,0.0,0.0,57.4,0.0333,1.1667,0.9667,0.9667,0.1534,0.4965
UCexFjP5XTqDFrokLWRMtxsg,Chunnu Munnu Vines,15400000,macro,30,30,2080000.0,859000.0,3653398.86,17000000,0.0,0.0,0.0,0.0,86.8,0.9667,0.2333,1.0,0.4667,0.1351,0.3628
UCTdvynmLeTfcaqc4k40b-dA,Lewinray,1850000,macro,30,30,1488000.0,1000000.0,1648804.19,9600000,0.0,0.0,0.0,0.0,46.23,0.0,1.8333,1.0,0.5667,0.8043,0.4744
UCIS-gjnsfvNGV1skBLfnknQ,Nikshri Vlogs,1190000,macro,30,30,820933.33,596500.0,667599.23,3200000,0.0,0.0,0.0,0.0,98.4,3.0333,1.7,1.0,0.3,0.6899,0.5515
UCWuBZJIucBpe-SCWUBuKUlg,Tera Trigun,16900000,macro,30,30,11286666.67,5400000.0,19021684.7,101000000,0.0,0.0,0.0,0.0,63.97,0.1667,1.2,1.0,1.0,0.6679,0.3724
UCUL9We-R1aCC3GAe-RvOx5g,The geeta gurjar,41000000,macro,30,30,4356866.67,2800000.0,4009561.56,15000000,0.0,0.0,0.0,0.0,50.0,0.0333,0.3667,0.9667,0.8667,0.1063,0.5208
UCet9FEXim3LTgRYf3I8F5nA,Asif Dramaz,2640000,macro,30,30,3420866.67,2350000.0,3115476.91,11000000,0.0,0.0,0.0,0.0,82.73,0.7667,1.0333,1.0,0.7,1.2958,0.5234
UCP-r32FFZMHKUAWvFYk5msA,The BN Brothers,10800000,macro,30,30,2305366.67,1150000.0,2508037.01,9100000,0.0,0.0,0.0,0.0,54.67,0.8333,1.7,1.0,0.6333,0.2135,0.4789
UCiFyJ_EBmF2XJuR9buWE_3A,Unchained_Off,6970000,macro,30,30,4491233.33,3700000.0,2923141.37,14000000,0.0,0.0,0.0,0.0,34.0,0.2333,0.1333,0.0333,0.9667,0.6444,0.6057
UCyGz6zqMDi7CVwQcWA-DnSA,Lottie Weaver,1100000,macro,30,30,1010433.33,767500.0,866097.06,3600000,0.0,0.0,0.0,0.0,48.4,0.0333,0.3333,1.0,0.4333,0.9186,0.5385
UCSctkDmHBQidpPR1t4a0IJg,Sonam Dhamija,2120000,macro,30,30,847766.67,479500.0,922788.81,3500000,0.0,0.0,0.0,0.0,85.27,1.0,2.0,1.0,0.3,0.3999,0.4788
UCHNIIar7-sezCsg4xosKPPQ,THE DLA FAM ,3920000,macro,30,30,1414300.0,817500.0,1598419.76,7200000,0.0,0.0,0.0,0.0,63.93,0.1333,1.0333,0.9333,0.3667,0.3608,0.4694
UC3SafDS4jxWKROqzPaON0lA,MaybeHeilly,645000,mid,30,30,719200.0,253500.0,1381263.54,7400000,0.0,0.0,0.0,0.0,83.3,0.0,1.1333,1.0,0.1333,1.115,0.3424
UCKaWD4ZM7ixlot6ysBVKP_g,Justice Buys,1980000,macro,30,30,4537400.0,449000.0,10208239.4,42000000,0.0,0.0,0.0,0.0,55.37,0.0,0.0,1.0,0.3,2.2916,0.3077
UCMpcNg660BUf8kavy8ui52A,VS Mine  ,174000,mid,30,30,5331.43,4200.0,4296.82,20000,0.0,0.0,0.0,0.0,46.33,0.1,1.8,1.0,0.0,0.0306,0.5537
UC1EALOoYjviTgAakJ-phJFg,Tyler Vitelli,6940000,macro,30,30,2284766.67,2150000.0,1490517.15,7100000,0.0,0.0,0.0,0.0,43.2,0.2333,0.5,0.4,0.8,0.3292,0.6052
UCRKDaIoe8uKYXTgJKlzEFHA,skyyjade,4390000,macro,30,30,1024866.67,262500.0,1691420.36,5600000,0.0,0.0,0.0,0.0,48.77,0.2333,1.1333,0.9667,0.2,0.2335,0.3773
UCcr93i1-6gGWnxZmDtEfl6Q,Radhika Maroo,6750000,macro,30,30,540233.33,132500.0,1054534.01,4800000,0.0,0.0,0.0,0.0,71.33,2.4333,3.0,1.0,0.1,0.08,0.3388
UCLIj-eIQ4r_xVP8gpYFDQxA,King’s Food Z by Aditya Baisla,1120000,macro,30,30,305366.67,92500.0,672487.35,3700000,0.0,0.0,0.0,0.0,69.13,0.0,1.8,1.0,0.0667,0.2726,0.3123
UC5YKCgA3WR9NBQNQTs7BTsA,캐치TV,372000,mid,30,30,254466.67,112000.0,484398.72,2600000,0.0,0.0,0.0,0.0,76.33,0.0,0.0,0.9333,0.0667,0.6841,0.3444
UCU_kHJACVRO8dXQ9xNf0BpA,Salish Luhv,178000,mid,30,30,299500.0,60000.0,682146.65,3500000,0.0,0.0,0.0,0.0,58.5,0.2333,0.9333,0.9,0.1,1.6826,0.3051
UCj3_t5p4L4aFsvdW3uHjnnw,연합뉴스 Yonhapnews,1110000,macro,30,30,25753.33,15000.0,29531.87,121000,0.0,0.0,0.0,0.0,54.0,0.1667,0.0,0.8667,0.0,0.0232,0.4658
UCEtSjFSLgXPfrfmLAKvq-DQ,Ruby,1340000,macro,30,30,458966.67,137000.0,941125.58,5000000,0.0,0.0,0.0,0.0,51.67,0.0,1.0,0.0667,0.1333,0.3425,0.3278
UCLGHEUaREx_FtNrqfJ8gXIA,Box Of Vengeance,29300000,macro,30,30,14120000.0,10500000.0,10703905.83,41000000,0.0,0.0,0.0,0.0,74.77,0.0,1.6667,1.0,1.0,0.4819,0.5688
UCw5laSluKZol8QuE1fOToTQ,Kritika Channel,36700000,macro,30,30,1394700.0,911000.0,1069160.24,4400000,0.0,0.0,0.0,0.0,61.93,1.1667,1.0667,1.0,0.4667,0.038,0.5661
UCScjwo2yWd4a6gtYMij-uug,D.C.’s Family,1270000,macro,30,30,751666.67,185500.0,1695755.75,9300000,0.0,0.0,0.0,0.0,22.03,0.0333,0.7333,1.0,0.1667,0.5919,0.3071
UCqgpJQrnaXE3ghhP25G2reQ,Kratika Moyal,3340000,macro,30,30,9203333.33,5850000.0,11039338.25,60000000,0.0,0.0,0.0,0.0,33.1,0.0,3.0333,1.0,1.0,2.7555,0.4547
UCilcnu178Z2ULEHzJPJbWdQ,Toby,3730000,macro,30,30,1717966.67,231000.0,3669703.88,17000000,0.0,0.0,0.0,0.0,54.83,0.3333,1.9667,1.0,0.3,0.4606,0.3189
UCh_la0EpAokx5PChAMCH2Bw,Khwahish Gal,16700000,macro,30,30,847500.0,432000.0,1112853.8,5100000,0.0,0.0,0.0,0.0,65.67,0.0667,2.4667,1.0,0.2667,0.0507,0.4323
UCzY_sIOOHeCobumpqJrjdig,marrkadams,14600000,macro,30,30,2045533.33,1400000.0,1484561.12,6700000,0.0,0.0,0.0,0.0,37.7,0.1,1.9667,1.0,0.8333,0.1401,0.5795
UCeYX5-RL4AkAWzNZ7lYLlWg,Amaira gurjar vlogs,2620000,macro,30,30,328633.33,81500.0,967519.66,5400000,0.0,0.0,0.0,0.0,44.77,0.0,0.0,1.0,0.0667,0.1254,0.2535
UC4WRPpNZQsVfoC2SdczWnhg,FutbolEssence,224000,mid,30,30,2006533.33,782000.0,3228441.24,16000000,0.0,0.0,0.0,0.0,28.6,0.1333,0.9667,0.0,0.3667,8.9577,0.3833
UCU69ROL7juUiTZVs5PsN55Q,andrea's fashion galaxy,1940000,macro,30,30,1759366.67,558500.0,2832971.01,15000000,0.0,0.0,0.0,0.0,51.2,0.2333,0.2,1.0,0.3333,0.9069,0.3831
UCAtPSqJwzFb0C15lS2CZ2rg,Abdullah Tariq Khan,8240000,macro,30,30,387566.67,311000.0,255909.58,1300000,0.0,0.0,0.0,0.0,72.2,1.9333,1.0333,0.9667,0.0333,0.047,0.6023
UCpsvoU1qL4WLR6jvh1CWjhw,Le déraciné,2910000,macro,30,30,1581133.33,1400000.0,986214.34,4500000,0.0,0.0,0.0,0.0,42.33,0.0,1.9333,1.0,0.6667,0.5433,0.6159
UCsFG4JcvZ85TilWRFCK1JLQ,BN ki Masti,11700000,macro,30,30,1023500.0,626500.0,946137.79,4600000,0.0,0.0,0.0,0.0,60.97,1.9,1.5667,1.0,0.3,0.0875,0.5196
UC6ARwyr_g2yoErVs3H9FEFw,Tahreen khanam,13500000,macro,30,30,121000.0,92000.0,81074.45,411000,0.0,0.0,0.0,0.0,92.93,0.7333,0.0,1.0,0.0,0.009,0.5988
UCIhI4zdL7ZmrRc8Amx3gsxg,prettysiya1M,419000,mid,30,30,59956.67,36000.0,87722.07,489000,0.0,0.0,0.0,0.0,17.9,0.4667,2.9667,0.2333,0.0,0.1431,0.406
UCEGkWSHkJg1IAnVBYdnipqA,Madhugowda ,880000,mid,30,30,419533.33,231000.0,372349.72,1500000,0.0,0.0,0.0,0.0,32.27,0.0,1.5667,0.9333,0.0667,0.4767,0.5298
UCt01CYW2LGF34rNt_OIgOlA,SG Funny Family,702000,mid,30,30,76566.67,68500.0,44918.95,272000,0.0,0.0,0.0,0.0,46.87,1.0,2.0,1.0,0.0,0.1091,0.6303
UChsz_u-8KIqfzXRb6tJSdZw,The Hayeks,3590000,macro,30,30,297700.0,158500.0,590896.11,3400000,0.0,0.0,0.0,0.0,30.5,0.0,0.8,0.1333,0.0333,0.0829,0.335
UCzsNLZ9GrGXRjt0QmvWFm2Q,Chattambees,6370000,macro,30,30,3264633.33,2750000.0,1672666.9,7600000,0.0,0.0,0.0,0.0,38.37,0.0333,1.2333,1.0,0.9333,0.5125,0.6612
UCJQsW7LeVEIDCEJU47NmXBA,The McCartys,16600000,macro,30,30,760200.0,520000.0,1052871.23,6200000,0.0,0.0,0.0,0.0,28.2,0.3333,0.0,0.0,0.1667,0.0458,0.4193
UCL5nlHWXVLeOsSjKH2fhmsg,KL BRO Biju Rithvik,82100000,macro,30,30,6061566.67,3500000.0,5416585.93,20000000,0.0,0.0,0.0,0.0,45.23,0.0,3.0,1.0,0.9667,0.0738,0.5281
UC2YEFur8hvU8XDkw74yVOxA,Guma Cook,5150000,macro,30,30,1273033.33,808000.0,1534123.73,6200000,0.0,0.0,0.0,0.0,31.63,0.2333,0.5667,0.0,0.4,0.2472,0.4535
UCBwd9XF2p3inIHPZ4kyY-ng,Rv Factos,2420000,macro,30,30,766333.33,155000.0,1158119.98,4500000,0.0,0.0,0.0,0.0,66.83,1.1,2.9,1.0,0.3,0.3167,0.3982
UCcI9wgP_3FST6irs1O7d0ag,Unique Daily,2750000,macro,30,30,20576.67,22000.0,8618.73,33000,0.0,0.0,0.0,0.0,25.3,0.0333,0.4333,0.5667,0.0,0.0075,0.7048
UCjNv9UWHC8RrFcYCkB85erw,Derrick Byron,360000,mid,30,30,11444.27,6350.0,11185.2,35000,0.0,0.0,0.0,0.0,90.3,0.9,0.0,1.0,0.0,0.0318,0.5057
UC2bYhAHyaqfWlPXWBVk4BcA,Enaldinho,45600000,macro,30,30,1163400.0,688500.0,1328120.62,6700000,0.0,0.0,0.0,0.0,33.7,0.0667,0.0333,1.0,0.4667,0.0255,0.4669
UCJRMeIB9t_yn8sWad71jlJA,ON CAMERA,224000,mid,30,30,6706503.33,182500.0,15877162.04,60000000,0.0,0.0,0.0,0.0,38.93,0.5667,1.1,0.8667,0.2667,29.9397,0.297
UCCrf6u9lOpwlroTpdJl8Wzw,Waste Of Time,2600000,macro,30,30,463733.33,138500.0,597615.54,2200000,0.0,0.0,0.0,0.0,66.13,0.0333,2.1,1.0,0.1667,0.1784,0.4369
UCu26q6KeRJl355UGVPuhzjA,Doughtoli,1100000,macro,30,30,811366.67,346000.0,909233.1,3700000,0.0,0.0,0.0,0.0,98.0,2.4,0.0,1.0,0.2667,0.7376,0.4716
UCATwn750rkNTf2WLe2YKxig,Shaheer jutt 2.0,157000,mid,30,30,318166.67,154500.0,764506.08,4400000,0.0,0.0,0.0,0.0,66.67,0.0667,0.4,1.0,0.0333,2.0265,0.2939
UC4GnzcwM6FZoW2p0eEAIPpQ,Fake Gurus,619000,mid,30,30,745336.67,29500.0,1937400.85,8100000,0.0,0.0,0.0,0.0,78.43,0.2667,0.0667,0.9,0.1333,1.2041,0.2778
UCW-V3lJDUSz_AccP6rPRUtA,Sejal Gaba,24100000,macro,30,30,14006666.67,12000000.0,8316807.61,38000000,0.0,0.0,0.0,0.0,71.93,0.0,2.1333,1.0,1.0,0.5812,0.6274
UCcR5u3fgri8yQQazQIH4jwQ,Crazy Dwani For You,2500000,macro,30,30,4259000.0,1850000.0,6195368.69,28000000,0.0,0.0,0.0,0.0,72.8,0.3667,0.6667,1.0,0.6,1.7036,0.4074
UC3VZSQehfbLa6ex6NO13ayA,DKomedi,432000,mid,30,30,299000.0,126500.0,524334.94,2400000,0.0,0.0,0.0,0.0,57.17,0.0,0.8,0.9333,0.0667,0.6921,0.3632
UCbNzI_WsxwVqaT1-kJABOeQ,GoldLadyMaria,1080000,macro,30,30,15263.33,12000.0,12716.56,51000,0.0,0.0,0.0,0.0,98.77,1.9,0.0,1.0,0.0,0.0141,0.5455
UCV_bAXpZqUzZ6SYfOUfwe9w,Kim&Liz Too,4560000,macro,30,30,753000.0,601500.0,588354.77,2900000,0.0,0.0,0.0,0.0,85.53,0.4667,0.0,1.0,0.2,0.1651,0.5614
UCpAjFBZZ2AO-K_Ly10KIj1w,Adarsh Solanki,6690000,macro,30,30,12306666.67,9650000.0,11134299.36,42000000,0.0,0.0,0.0,0.0,47.87,2.0,1.7,1.0,1.0,1.8396,0.525
UCf5_MpffBB9OJ2a2jPFMJRQ,Praveen Pranav,4910000,macro,30,30,1023333.33,939000.0,560678.6,2600000,0.0,0.0,0.0,0.0,50.13,2.0667,0.8333,1.0,0.4667,0.2084,0.646
UC4WkXgiK6VxAri_R_qmIFvQ,Samayra Narula Official,22600000,macro,30,30,5579633.33,1650000.0,8254300.2,38000000,0.0,0.0,0.0,0.0,70.53,0.0333,2.6333,0.9667,0.6667,0.2469,0.4033
UCIBDo5p3wGB-7zmL2Kzs6yA,caitlin iola ,662000,mid,30,30,331798.3,94500.0,721445.23,3900000,0.0,0.0,0.0,0.0,95.6,0.0333,1.8,1.0,0.0667,0.5012,0.315
UCd5ApCORQsMOZZz5E9oVeFA,Alfredo Larin,57900000,macro,30,30,10500000.0,9750000.0,5286902.05,23000000,0.0,0.0,0.0,0.0,26.7,0.0,0.0,1.0,1.0,0.1813,0.6651
UCuFZuZD_llPeoapHWyYCh-Q,BY MELI,1110000,macro,30,30,1346666.67,248000.0,2066115.41,6700000,0.0,0.0,0.0,0.0,69.03,0.0,0.1333,1.0,0.3,1.2132,0.3946
UC0-xPTwPhfXnuiI7QIcev3A,Harrish krish,2630000,macro,30,30,664966.67,239000.0,1142197.34,5700000,0.0,0.0,0.0,0.0,55.33,2.9,0.6667,1.0,0.1667,0.2528,0.368
UCMWv9WrCkZJcxzsOWeZfEkg,With Love Nagaraj Sangeetha,11200000,macro,30,30,4077600.0,2150000.0,3612622.6,14000000,0.0,0.0,0.0,0.0,59.87,0.1333,2.0,0.9667,0.8667,0.3641,0.5302
UCj_LC4oQW2nEr9X4XPs2uFw,Sheep,5560000,macro,30,30,4617366.67,3850000.0,3078365.11,11000000,0.0,0.0,0.0,0.0,42.1,0.0,0.0,0.9667,0.9333,0.8305,0.6
UC7Lta_EuGv5BXoLTpUutvBA,Filaretiki,30800000,macro,30,30,389933.33,191500.0,979369.05,5600000,0.0,0.0,0.0,0.0,49.73,0.0667,1.3667,0.9,0.0333,0.0127,0.2848
UC9inOSbZp-bQZdypBFkSjsQ,JPS Editxs,192000,mid,30,30,1198700.0,456500.0,1745146.82,6600000,0.0,0.0,0.0,0.0,19.67,0.0,1.0667,1.0,0.2333,6.2432,0.4072
UC040XFJEsSRhTkmieXp1kDQ,Família Maria Clara e JP,7190000,macro,30,30,720800.0,427000.0,791035.62,3300000,0.0,0.0,0.0,0.0,35.7,0.1,0.2667,0.0,0.2,0.1003,0.4768
UCOl4x1vXVvAmoo2WgvV2LYw,Arika's World,19700000,macro,30,30,5879233.33,1900000.0,14433774.62,81000000,0.0,0.0,0.0,0.0,45.07,0.1667,0.7,1.0,0.8,0.2984,0.2894
UCbh-jquAX1-vKDZdiBw9TmA,Gözde Akgün,6900000,macro,30,30,906033.33,234500.0,2337005.38,13000000,0.0,0.0,0.0,0.0,43.5,0.0,0.3,0.9333,0.1667,0.1313,0.2794
UCrwn_QczP0Xx8adhBaIBmgA,MC Lorenzo,2920000,macro,30,30,105226.67,13500.0,445680.74,2500000,0.0,0.0,0.0,0.0,36.5,0.0,0.0,1.0,0.0333,0.036,0.191
UCuwJoiGWRxPYStBp0l0WuZw,Luke Davidson,17800000,macro,30,30,1679833.33,892500.0,2319936.65,11000000,0.0,0.0,0.0,0.0,35.23,0.0667,0.0,1.0,0.4333,0.0944,0.42
UCYFPzRnPm4GuoDU1N4NkHzQ,The Thoughtful Girl,11600000,macro,30,30,1135133.33,639000.0,1771576.39,9600000,0.0,0.0,0.0,0.0,48.03,1.6,1.3,1.0,0.3333,0.0979,0.3905
UCPJS0cQOlXMgL-cZefTaS2g,Monika Prabhu,4580000,macro,30,30,850766.67,747000.0,817724.23,3100000,0.0,0.0,0.0,0.0,79.53,2.1333,1.0333,1.0,0.2667,0.1858,0.5099
UCeYTfGpNCmVhlxjQxBDrGPA,Mr DegrEE,40400000,macro,30,30,2050500.0,259000.0,4777654.96,21000000,0.0,0.0,0.0,0.0,28.7,0.4,0.9333,0.6,0.2,0.0508,0.3003
UCwTRFmO9SMBqfOhT2qR4ljA,AR art and craft,84600,micro,30,30,34596.67,25500.0,60472.51,356000,0.0,0.0,0.0,0.0,63.5,0.0333,1.2,1.0,0.0,0.4089,0.3639
UCLev6-mPTPpPCgz8HIBf03A,Dora Family,9440000,macro,30,30,263833.33,77000.0,393591.42,1700000,0.0,0.0,0.0,0.0,60.57,0.0333,1.0,0.9667,0.0667,0.0279,0.4013
UCpFyMQ3FI_jSirSVh03O-EQ,Saloni Mittal,2540000,macro,30,30,2455500.0,488500.0,5042111.1,24000000,0.0,0.0,0.0,0.0,45.3,0.1333,1.1667,0.5667,0.2667,0.9667,0.3275
UCF_lEagt2u1g7C3W-xTj50w,Manish Kharage,6160000,macro,30,30,8700066.67,4500000.0,13106548.5,68000000,0.0,0.0,0.0,0.0,48.4,0.0667,0.0,1.0,0.9333,1.4123,0.399
UCe6n0z9UbsxYCS8P83f84tw,Sierra & Rhia FAM,50800000,macro,30,30,6278366.67,3000000.0,9768130.11,50000000,0.0,0.0,0.0,0.0,40.67,0.3333,0.3667,0.0,0.9,0.1236,0.3913
UCIfdV8918ce2on4Kc63kUOA,La Familia Latorre,2050000,macro,30,30,1280400.0,362000.0,3206273.52,18000000,0.0,0.0,0.0,0.0,59.13,0.4667,1.4,0.9667,0.2667,0.6246,0.2854
UCcb_AAiLXYSE8SkxtRKPvpA,Village Vlogs 795,688000,mid,30,30,797866.67,46500.0,2120755.96,10000000,0.0,0.0,0.0,0.0,90.8,0.3667,0.6333,1.0,0.1333,1.1597,0.2734
UCPHtrhsW9mW0lZFLvSIO5Rw,Rama Official short,3940000,macro,30,30,996033.33,425000.0,1279875.01,4800000,0.0,0.0,0.0,0.0,44.87,0.1,2.1667,1.0,0.3,0.2528,0.4376
UC6_bHS_xZcxEdwkBaX0sw7w,Gaming level007,42100,micro,30,30,2810.0,2600.0,1175.12,6100,0.0,0.0,0.0,0.0,57.53,0.0,0.0,0.8667,0.0,0.0667,0.7051
UCP15G0y9gSG12qn5CtX9X8A,Mantu Mom Magic ,3460000,macro,30,30,51700.0,51500.0,27029.8,156000,0.0,0.0,0.0,0.0,88.8,1.8333,2.3333,1.0,0.0,0.0149,0.6567
UC4PdH9GNx2MEpymEGy_Dvtg,Gazala Farheen,52000,micro,30,30,2858.9,1300.0,4642.42,24000,0.0,0.0,0.0,0.0,96.67,1.8333,1.3,0.9333,0.0,0.055,0.3811
UCJvE3uJFyBS1WhL1Tou85Hg,rjkarishma,8640000,macro,30,30,10454866.67,5950000.0,11352676.04,41000000,0.0,0.0,0.0,0.0,49.47,0.0333,0.5333,0.8333,0.9333,1.2101,0.4794
UCm-Qr3k89gtXcuv2jL29XFw,Marta and Rustam,40800000,macro,30,30,190566.67,153000.0,107809.3,535000,0.0,0.0,0.0,0.0,27.5,0.0667,0.1667,0.0,0.0,0.0047,0.6387
UClPosN9I2ddwkLFrsXwMRhg,Bianca Limon,1310000,macro,30,30,1152766.67,640500.0,1150192.87,4700000,0.0,0.0,0.0,0.0,58.77,1.1,0.0333,1.0,0.4667,0.88,0.5006
UCSjc3YFKALmfBZUroxIDXmQ,CHOCOH SHORTS,942000,mid,30,30,218700.0,169000.0,191849.62,839000,0.0,0.0,0.0,0.0,31.7,0.1,1.6333,0.0,0.0,0.2322,0.5327
UCqaBy7dijpC6OWEe-Jc051w,Funyaasi,6200000,macro,30,30,2221633.33,1300000.0,3078783.74,16000000,0.0,0.0,0.0,0.0,95.43,0.3,1.0,1.0,0.5667,0.3583,0.4191
UCN_kIYUs7R_sqozzwB_2NHA,liuxiaoyi,52500,micro,21,21,1606380.95,43000.0,5334490.21,24000000,0.0,0.0,0.0,0.0,54.43,0.0952,2.5714,1.0,0.0952,30.5977,0.2314
UC7yhi7_Aje_WCiHw0SPTGvQ,Hamara Channel,3630000,macro,30,30,1790800.0,746000.0,1940330.51,7200000,0.0,0.0,0.0,0.0,50.77,2.1,1.9333,1.0,0.4667,0.4933,0.48
UCsbBEef-l-vFAh0F3clHsrw,Boy & Dragon - WildBrain,7220000,macro,30,30,273033.33,242000.0,196891.93,1000000,0.0,0.0,0.0,0.0,80.37,0.0,1.2,1.0,0.0333,0.0378,0.581
UCgoMIP-DkEwIUYgMp9seJ8Q,Pushpa Mangade,211000,mid,4,4,20000000.0,20500000.0,5338539.13,27000000,0.0,0.0,0.0,0.0,60.5,1.25,0.0,1.0,1.0,94.7867,0.7893
UCRjSeIVCLmDHZ2dNssT7xvg,Nerdy Cuber,151000,mid,30,30,16010.0,12000.0,11706.79,57000,0.0,0.0,0.0,0.0,34.53,0.3667,0.0,0.6333,0.0,0.106,0.5776
UC9HQXWbt14wTdr_Tzc8ZE0A,Doctor Youn,5520000,macro,30,30,521600.0,77500.0,811602.35,2400000,0.0,0.0,0.0,0.0,48.33,0.0,0.1,0.0333,0.2,0.0945,0.3912
UCnZ6OS70dpDnaq03-O5Vuxw,Md Alamin 26,4120,nano,30,30,170093.33,9000.0,721465.86,4000000,0.0,0.0,0.0,0.0,44.43,0.7,1.6667,1.0,0.0333,41.2848,0.1908
UCzJ53fi4NuDCYWOk9PtEkCA,_vector_,32200000,macro,30,30,46826666.67,8550000.0,163450748.82,923000000,0.0,0.0,0.0,0.0,22.9,0.0333,0.0,0.0,1.0,1.4542,0.2227
UCVjw0pDepoFC9KxL964S-uw,BuzzRush,13700,micro,30,30,286738.6,32000.0,1358281.68,7600000,0.0,0.0,0.0,0.0,26.77,0.5667,1.0,0.0,0.0333,20.9298,0.1743
UCHGaNib4_2dSeCLa1fzOecQ,Kewbix,984000,mid,30,30,30130.0,25500.0,22448.65,116000,0.0,0.0,0.0,0.0,54.4,0.1667,1.1333,0.4,0.0,0.0306,0.573
UC7-fkd1heXmb640XeuTapVQ,STCuber,307000,mid,30,30,3164633.33,379500.0,5324654.34,20000000,0.0,0.0,0.0,0.0,36.73,0.0,0.0,0.5667,0.4,10.3083,0.3728
UCGWiBy6AXscBmz0Qm_D6o4w,NTP Cuber,53800,micro,30,30,12806.67,7500.0,16698.94,80000,0.0,0.0,0.0,0.0,49.67,0.3667,0.1333,0.5333,0.0,0.238,0.434
UCnSd3gMgid5OFwpx_h6UOeg,Sinday Brand,43000,micro,30,30,1815.97,1800.0,1004.49,3700,0.0,0.0,0.0,0.0,23.83,0.1333,0.1333,0.2333,0.0,0.0422,0.6439
UCsmbsGcA10u2ur6fRTEzQjg,Rubik Trick,89600,micro,30,30,20573.33,17000.0,9534.46,44000,0.0,0.0,0.0,0.0,66.13,0.3333,0.0,0.7,0.0,0.2296,0.6833
UCXUWsIrrTXA8U2hREGUnYqw,TheSimonShi,501000,mid,30,30,111683.33,15500.0,499355.2,2800000,0.0,0.0,0.0,0.0,33.77,0.1,0.8,0.0,0.0333,0.2229,0.1828
UCKSbBmO7wLDgESShyQiL9Ew,Wowazeez_CA,89300,micro,30,30,5333.33,3400.0,5349.97,29000,0.0,0.0,0.0,0.0,43.7,0.0667,0.4667,0.9,0.0,0.0597,0.4992
UCbjFH5U6_gGB6gZB0ywELOQ,A Perm,127000,mid,30,30,17216.67,14000.0,11618.41,40000,0.0,0.0,0.0,0.0,44.5,0.2,2.6333,1.0,0.0,0.1356,0.5971
UCnLISyFLMUvasN9J8sagGug,CubeRazn,389000,mid,7,7,11837285.71,40000.0,26663109.74,77000000,0.0,0.0,0.0,0.0,19.71,0.1429,0.0,0.0,0.2857,30.43,0.3075
UCYchXoKnB1DRpgHam0VoqIA,theAZ,579000,mid,30,30,502673.33,17000.0,2155077.61,12000000,0.0,0.0,0.0,0.0,45.3,0.6,0.5,0.7,0.0667,0.8682,0.1891
UC9wvQsn9VGQsX9uFWEuQW4A,CubeHead,1370000,macro,30,30,7766600.0,1800000.0,14582279.27,68000000,0.0,0.0,0.0,0.0,34.6,0.1333,0.8667,0.1,0.5333,5.6691,0.3475
UC9Ht_7PQ1G4UIPhjSkF-phw,Tingman,1770000,macro,30,30,600100.0,187500.0,1670868.36,9400000,0.0,0.0,0.0,0.0,33.93,0.0333,0.7333,0.0,0.1,0.339,0.2642
UCKaCalz5N5ienIbfPzEbYuA,Jordan Matter,34600000,macro,30,30,26400000.0,18000000.0,27656186.77,136000000,0.0,0.0,0.0,0.0,39.43,0.0333,0.0,0.8667,1.0,0.763,0.4884
UCpurSvPGF_R9MlEfn3Jj1iA,4KBexy,2610000,macro,30,30,400700.0,98500.0,1100883.17,6200000,0.0,0.0,0.0,0.0,23.6,0.9,1.0,0.0,0.0333,0.1535,0.2669
UCqTVfT9JQqhA6_Hi_h_h97Q,J Perm,1910000,macro,8,8,6975000.0,4900000.0,5353445.15,20000000,0.0,0.0,0.0,0.0,45.62,0.125,0.125,0.5,1.0,3.6518,0.5658
UC1Rnn5EKKeXVOCqc2FuJDFA,Cubing123,235000,mid,21,21,7568428.57,71000.0,27285673.82,126000000,0.0,0.0,0.0,0.0,45.33,0.0,0.0952,0.3333,0.0952,32.2061,0.2171
UCCU77X0QW5md0IZHJVTrzLw,PandaCubed,20900,micro,18,18,904077.78,185500.0,2292104.33,9100000,0.0,0.0,0.0,0.0,43.44,0.0,1.0,0.8333,0.1111,43.2573,0.2829
UCAcLx67GTdR0-nkS8ZhC3OA,Cube For Speed,3160000,macro,30,30,387600.0,207000.0,524791.81,2700000,0.0,0.0,0.0,0.0,37.47,0.0667,0.4333,0.3333,0.0667,0.1227,0.4248
UCboNTFiAxe8SdwV4FMwMCaQ,Dr. Fact,2080000,macro,30,30,10976.17,6800.0,12051.85,66000,0.0,0.0,0.0,0.0,38.27,0.8667,0.6,0.1333,0.0,0.0053,0.4766
UCoHZdqfl6n-m43BlnXTFC8A,Yakup Cuber ,168000,mid,30,30,925.77,703.0,810.14,4900,0.0,0.0,0.0,0.0,45.63,0.4333,0.5333,0.9667,0.0,0.0055,0.5333
UCxzueqM9sxgS2NeJnfniHSw,killercubeansh,30500,micro,30,30,10656.67,7100.0,8760.81,34000,0.0,0.0,0.0,0.0,83.7,3.0,0.0,1.0,0.0,0.3494,0.5488
UC1q-YCsH9uu5u2c6Lx5OaEg,A1 The Cuber,6800,nano,30,30,116103.33,5550.0,591245.94,3300000,0.0,0.0,0.0,0.0,49.43,1.4667,0.2,1.0,0.0333,17.074,0.1641
UCdNJgay30ShyWUdhDZEb5gg,kamal cuber,7970,nano,30,30,55353.33,19500.0,194303.96,1100000,0.0,0.0,0.0,0.0,43.77,1.5333,0.0,0.5,0.0333,6.9452,0.2217
UCjkN0rIb3Hgreli147odYow,Everyone's Cubes,51200,micro,30,30,7207.43,5050.0,6066.71,22000,0.0,0.0,0.0,0.0,26.97,0.0333,0.7,0.0,0.0,0.1408,0.543
UCa6jH_ei_kS58nnlodKujGA,RK Cube Tricks ,14400,micro,30,30,15450.0,10000.0,26500.2,154000,0.0,0.0,0.0,0.0,80.2,2.7333,1.3,1.0,0.0,1.0729,0.3683
UCpHilTMHGfcyMUu3VSvr7Dw,CubeX Nufayel ,7080,nano,30,30,240903.33,30500.0,963412.61,5400000,0.0,0.0,0.0,0.0,60.4,1.1667,0.1667,1.0,0.0333,34.0259,0.2
UCnQiiq_qJr071XBpLSsvHOg,Cube ViewB,1250,nano,30,30,2519.77,1500.0,2487.56,10000,0.0,0.0,0.0,0.0,65.9,0.0333,0.0,1.0,0.0,2.0158,0.5032
UCpp1GoykvTBuPiZt3FiFHjg,SoupTimmy,6090000,macro,30,30,2848366.67,2100000.0,2285279.79,8600000,0.0,0.0,0.0,0.0,27.5,0.0,0.2667,0.0,0.8,0.4677,0.5548
UCXMVaxrax7RNDPdfRrXXgtQ,Hafu Go,18000000,macro,30,30,50000300.0,30500000.0,54618940.89,184000000,0.0,0.0,0.0,0.0,31.67,0.3,0.0,0.0,0.8667,2.7778,0.4779
UCqsR2ZLT_Qp3p1Oxe95wwNA,ViperKing,305000,mid,30,30,2136133.33,1100000.0,2929841.63,13000000,0.0,0.0,0.0,0.0,38.67,0.0333,0.0,1.0,0.5333,7.0037,0.4217
UCnKGA6Hq5F4Ghbr7boubPWA,god of speed⚡,451000,mid,30,30,129536.67,15000.0,534362.7,3000000,0.0,0.0,0.0,0.0,92.63,0.1333,0.2333,1.0,0.0333,0.2872,0.1951
UCxyiHBSLjbazH1YzdimANxQ,CRAZY CUBER,3820,nano,30,30,63110.0,16500.0,165448.43,900000,0.0,0.0,0.0,0.0,65.53,1.8667,0.1,1.0,0.0,16.5209,0.2761
UCIzBe9pNIT0fR8wj0RKjo5A,King of cuber,4680,nano,30,30,20310.53,16500.0,17777.2,62000,0.0,0.0,0.0,0.0,36.2,0.8333,0.6333,1.0,0.0,4.3399,0.5333
UCWocqKZAZEgiqjZHGSQhg8A,Piece Of Magic,918000,mid,30,30,999900.0,149500.0,3407938.53,19000000,0.0,0.0,0.0,0.0,78.13,1.2333,0.5,1.0,0.1333,1.0892,0.2268
UCo5DLltLZGE5NbkEbu_sgBg,Captain Cuber,3080000,macro,30,30,408496.67,64000.0,1120445.04,4600000,0.0,0.0,0.0,0.0,32.43,0.0333,0.0667,0.0,0.1,0.1326,0.2672
UCgrVc-wE0mWCet9toWfR6yw,cuberman,171000,mid,30,30,11446.67,9900.0,8176.66,36000,0.0,0.0,0.0,0.0,16.2,0.3667,0.1333,0.0333,0.0,0.0669,0.5833
UCVfreboc3AkoV1PQk54lKkg,CaptoCrazy Shorts,6870000,macro,30,30,3694033.33,1950000.0,4544876.94,24000000,0.0,0.0,0.0,0.0,41.73,0.0667,0.0,1.0,0.8,0.5377,0.4484
UCimNmHU2Pvn4rP4AZjcA1Lg,Scooch Cubing,23100,micro,30,30,129180.0,20000.0,398305.74,2200000,0.0,0.0,0.0,0.0,33.57,0.1667,0.0,0.0333,0.0333,5.5922,0.2449
UC30FuHczPwsxM8K_eda1X0g,Harish Rajaganapathy,4060,nano,30,30,5504.3,5000.0,3618.72,13000,0.0,0.0,0.0,0.0,79.0,0.7667,0.5,1.0,0.0,1.3557,0.6033
UCaghnn0_2_fXRJAGv29z6qQ,Technical Arnab Cubing ,33400,micro,30,30,3732.47,1850.0,7312.35,34000,0.0,0.0,0.0,0.0,30.07,0.2667,0.3,0.1,0.0,0.1118,0.3379
UC_dFqhwfKkmoifAj25VPUMA,Optimized Cubing,7090,nano,24,24,198125.0,12000.0,545863.97,2700000,0.0,0.0,0.0,0.0,36.46,0.2917,0.9583,0.0,0.0417,27.9443,0.2663
UCDo5nG01bqy7cHhyf-8E3Qw,Arisandra,977000,mid,30,30,3775800.0,1650000.0,5444555.07,24000000,0.0,0.0,0.0,0.0,46.67,0.0,0.2333,0.0333,0.5333,3.8647,0.4095
UCkv4hqhHauiB88q1vBAiYaQ,Cubing Encoded,238000,mid,10,10,615610.0,352000.0,861641.98,3100000,0.0,0.0,0.0,0.0,40.7,0.0,0.4,0.2,0.1,2.5866,0.4167
UCldc2U7-2lUz_yR6SQ6ILtg,YASH CUBING,35000,micro,30,30,8630.0,6700.0,4379.66,20000,0.0,0.0,0.0,0.0,60.43,2.1333,0.1667,0.8667,0.0,0.2466,0.6634
UCpnufZjftg7hh44aulmXxgA,Dexton Crutchfield,2070000,macro,30,30,4230000.0,2200000.0,4964953.84,23000000,0.0,0.0,0.0,0.0,29.8,0.0,0.0,0.0333,1.0,2.0435,0.46
UC3NgzJ1q2qEEEK89VuLotKg,ChalkCuber,1630000,macro,30,30,325766.67,79000.0,1104820.67,6200000,0.0,0.0,0.0,0.0,32.37,0.0,1.5333,0.0,0.0667,0.1999,0.2277
UCGqU_x7iFTe06HzTL3J6IPQ,Hanhancube,1420,nano,30,30,10469.47,3300.0,12813.11,40000,0.0,0.0,0.0,0.0,62.7,1.9,0.4333,1.0,0.0,7.3729,0.4497
UCxXqILbiN0CinQpTY5sYC8g,Darren Saito,12200,micro,30,30,168586.67,16000.0,700523.76,3900000,0.0,0.0,0.0,0.0,37.03,0.0667,0.0333,0.0,0.0333,13.8186,0.194
UCe3PuUCjh1fNxRFFmjbMSCw,CUBASTIC,2090000,macro,30,30,408540.0,118000.0,748763.7,3400000,0.0,0.0,0.0,0.0,72.67,0.1,0.5667,0.6667,0.0667,0.1955,0.353
UCtaMRYGIXKhRpI86D2CqTEA,Ash Magic,3500000,macro,30,30,326470.0,18000.0,1647814.21,9200000,0.0,0.0,0.0,0.0,29.5,0.1667,1.0333,0.0,0.0333,0.0933,0.1654
UCyJ5l2JklfAnywFL7mn30VQ,DENIS MAGIC SHOW,4750000,macro,30,30,26500.0,18000.0,35604.07,212000,0.0,0.0,0.0,0.0,30.53,0.5667,1.3,0.0,0.0,0.0056,0.4267
UCfdLRU02ubhIpmDIh7j9kHA,Z3Cubing,1070000,macro,30,30,2741700.0,969000.0,4205034.36,18000000,0.0,0.0,0.0,0.0,32.13,0.0,0.0,0.0,0.5,2.5623,0.3947
UC3E1UaKJvQfU_m86rVGizrg,JS icON,224000,mid,30,30,14543.33,11000.0,18263.05,95000,0.0,0.0,0.0,0.0,82.6,0.1333,1.0,1.0,0.0,0.0649,0.4433
UCwIJzLLjtuX3R-2RD822lnQ,Miss Cuber,106000,mid,30,30,117093.33,34500.0,250362.52,1200000,0.0,0.0,0.0,0.0,39.93,0.3333,0.7,0.2,0.0333,1.1047,0.3187
UCn9bc8wJtEO6EgqRKk3s2RQ,Harsh cuber,105000,mid,30,30,160833.33,7850.0,824337.86,4600000,0.0,0.0,0.0,0.0,63.1,0.4667,0.5333,1.0,0.0333,1.5317,0.1633
UC-rkCjkBGhTH5vK-ajT363g,Rider Of Bokaro ,4230,nano,30,30,6788.17,2300.0,9755.93,32000,0.0,0.0,0.0,0.0,52.23,0.4,1.5333,0.5,0.0,1.6048,0.4103
UCsMHFdnMVXnDtiSl8II03XQ,Prime Creations,4300000,macro,30,30,716600.0,113500.0,2348834.83,13000000,0.0,0.0,0.0,0.0,91.93,0.6667,0.1333,1.0,0.1,0.1667,0.2338
UCRfGhLhb5brgMfX-JDacDNQ,FL Bros,2270,nano,30,30,6277.27,4400.0,6202.41,31000,0.0,0.0,0.0,0.0,32.8,0.2,0.0,0.0,0.0,2.7653,0.503
UC52tobHj3tVP9zEA62A7o8A,neanto,196000,mid,30,30,37770.0,8400.0,89852.43,483000,0.0,0.0,0.0,0.0,65.93,0.1333,0.2333,0.6,0.0,0.1927,0.296
UCXM_klqvjKpoeyJjYpEcXaA,Cubing 4 U,18200,micro,30,30,229803.33,24500.0,407344.54,1600000,0.0,0.0,0.0,0.0,37.1,0.1,0.2333,0.0,0.1,12.6266,0.3607
UCmnVdGU8Oh32fSS_QpuSVvQ,Besenyei András,1480,nano,30,30,35946.93,18000.0,53787.34,248000,0.0,0.0,0.0,0.0,50.37,0.2333,0.1667,0.9333,0.0,24.2885,0.4006
UCn9Euk1fRwwhpDkmmhWyvIA,theNoobcuber,443,nano,17,17,69659.18,29000.0,145680.66,594000,0.0,0.0,0.0,0.0,58.29,0.1765,0.0,0.2353,0.0,157.2442,0.3235
UCoYu2szPa2OKg_1TCdQHpFg,Junpei Zaki,5780000,macro,30,30,1923733.33,1150000.0,3016149.58,16000000,0.0,0.0,0.0,0.0,27.5,0.0667,0.9667,0.0,0.6,0.3328,0.3894
UCGcq3X8Ff7nje0DPf_YqaRg,SpeedCubeShop,113000,mid,30,30,20010.0,18000.0,12119.2,75000,0.0,0.0,0.0,0.0,66.93,0.0333,0.7333,0.6,0.0,0.1771,0.6228
UCMW5RXvtRCXaprfZFWWi5BQ,Amanat cuber,22400,micro,30,30,257386.67,12500.0,1307807.67,7300000,0.0,0.0,0.0,0.0,63.07,1.8,0.0333,0.9667,0.0333,11.4905,0.1644
UCp7b81TySjRgj4IVNDlvUcQ,Cubing Planet,106000,mid,30,30,23146.67,10500.0,32680.64,168000,0.0,0.0,0.0,0.0,45.57,0.6,1.3333,0.9333,0.0,0.2184,0.4146
UCjhf1EvT2GaJwPDNFVrFhRA,Opulent Vision,146000,mid,30,30,13550.0,7200.0,22679.05,129000,0.0,0.0,0.0,0.0,39.37,0.1,0.9,0.6667,0.0,0.0928,0.374
UC8dub3tJKg2N_Ze_y8FsC2w,MCG Cubing,683,nano,30,30,2622.97,1300.0,3196.14,10000,0.0,0.0,0.0,0.0,52.23,0.2,0.1,0.7333,0.0,3.8404,0.4508
UC1MYaNA50Jbea-XBVM-2C7Q,SK Chauhan__07,70000,micro,30,30,12026.67,10000.0,8701.8,30000,0.0,0.0,0.0,0.0,61.7,2.5,1.2,1.0,0.0,0.1718,0.5802
UCUFTjn9xuabmDbgzd7cYNMA,JITHIN BRO,772000,mid,30,30,947000.0,711000.0,752874.76,2900000,0.0,0.0,0.0,0.0,82.07,1.1,1.1333,1.0,0.3667,1.2267,0.5571
UCBbeXVY55K5estTHrKWJ5Yg,Tech FC Shorts,8340000,macro,30,30,2986066.67,678000.0,9391127.24,53000000,0.0,0.0,0.0,0.0,39.83,0.1,0.4333,0.9667,0.4,0.358,0.2413
UCMORswfg1RzcE9gxK1-aMgg,Viralcubetricks,38800,micro,30,30,210190.0,20000.0,679618.66,3200000,0.0,0.0,0.0,0.0,88.3,1.0333,0.0667,1.0,0.0667,5.4173,0.2362
UCiR8xbs9WWuJzN_qYZLRhEg,DR. CUBER,16300,micro,30,30,5427.6,3750.0,5505.21,28000,0.0,0.0,0.0,0.0,44.93,0.7333,1.2,0.2333,0.0,0.333,0.4965
UC8QaHaSt_yV909cTFnJdGXA,Rubik's,439000,mid,30,30,3120.0,2850.0,1430.48,6900,0.0,0.0,0.0,0.0,77.9,0.1,0.6333,0.8,0.0,0.0071,0.6856
UCgPeJSMnI75Px4p5sZeIOcg,The Fact,7620000,macro,30,30,1936900.0,994000.0,2409051.02,10000000,0.0,0.0,0.0,0.0,28.7,0.0333,0.8,0.0,0.5,0.2542,0.4457
UCfZGUwLPuHca5ZO_crTUOlA,TheCubicle,373000,mid,30,30,173713.33,49500.0,309600.08,1500000,0.0,0.0,0.0,0.0,34.63,0.0667,0.0,0.0,0.0333,0.4657,0.3594
UCBOEOzdln6fbGfAuCs9hyNw,Rubik’s cube BD,9770,nano,30,30,6155.73,5050.0,6529.43,33000,0.0,0.0,0.0,0.0,40.0,0.5667,0.0,0.7333,0.0,0.6301,0.4853
UCMaWlDs0RTlNv1LH7oINXJQ,MRCUBESKING27 ,29900,micro,30,30,19306.67,8750.0,36746.84,209000,0.0,0.0,0.0,0.0,51.0,0.4333,0.6,1.0,0.0,0.6457,0.3444
UCdJzZtKDYO0XGwrPv-LmSGA,Rubik's Training,148000,mid,30,30,38150.0,14500.0,99664.07,571000,0.0,0.0,0.0,0.0,66.03,0.4333,0.0,0.6,0.0,0.2578,0.2768
UCQ63VK9eSLgiDpMpYN9zyew,Film Wrap,1770000,macro,30,30,29073.33,12000.0,89776.7,512000,0.0,0.0,0.0,0.0,61.57,0.8,0.9,0.7333,0.0,0.0164,0.2446
